{"ts":1509996033034507,"data":[]}
{"ts":1509996036023539,"data":[]}
{"ts":1509996039013884,"data":[]}
{"ts":1509996042024241,"data":[]}
{"ts":1509996045008089,"data":[]}
{"ts":1509996048014790,"data":[]}
{"ts":1509996072283002,"data":[]}
{"ts":1509996075252688,"data":[]}
{"ts":1509996078263037,"data":[]}
{"ts":1509996081263218,"data":[[1226,222],[1194,215],[1148,220],[1117,214],[1035,254],[1077,215],[1045,211],[994,202],[975,202],[938,196],[905,201],[875,200],[839,187],[817,186],[786,182],[756,183],[739,176],[715,168],[700,165],[695,166],[693,162],[658,140]]}
{"ts":1509996084263286,"data":[[645,137],[635,139],[632,133],[628,130],[625,128],[629,127],[631,122],[632,118],[633,117],[634,118],[634,119],[638,106],[638,105],[636,104],[635,105],[634,105],[629,116],[632,118],[634,122],[637,123],[645,123],[649,127],[666,134],[677,131]]}
{"ts":1509996087273052,"data":[[683,133],[690,132],[695,139],[693,146],[691,155],[690,157],[693,160],[695,168],[697,176],[707,181],[715,181],[720,182],[728,191],[721,201],[716,207],[714,214],[715,216],[715,219],[716,233],[727,245],[733,249],[736,279],[732,297]]}
{"ts":1509996090274605,"data":[[727,301],[726,307],[728,312],[731,324],[771,355],[823,362],[832,367],[841,372],[829,352],[827,346],[831,339],[834,326],[829,301],[827,292],[812,281],[806,268],[800,266],[769,265]]}
{"ts":1509996093283135,"data":[[763,252],[751,235],[754,228],[752,225],[751,221],[746,210],[738,200],[720,198],[707,195],[697,186],[696,181],[686,170],[683,166],[682,162],[685,158],[677,147],[673,143],[661,138],[659,133],[657,128],[660,128],[662,128],[662,127],[660,122]]}
{"ts":1509996096254026,"data":[[660,120],[657,125],[652,124],[648,123],[640,128],[639,132],[639,134],[639,133],[644,137],[656,145],[679,159],[694,156],[697,157],[700,160],[703,164],[710,171],[719,181],[762,197],[824,215]]}
{"ts":1509996099262941,"data":[[1159,241],[1208,245]]}
{"ts":1509996102248652,"data":[]}
{"ts":1509996105264244,"data":[[1150,233],[1130,231],[1040,223],[995,217],[975,229],[904,234],[884,246],[861,237],[837,236],[814,230],[804,232],[789,228],[782,220],[773,222]]}
{"ts":1509996108273578,"data":[[770,221],[764,222],[762,221],[760,222],[760,222],[759,223],[758,228],[757,228],[756,229],[756,228],[758,228],[758,229],[757,223],[756,229],[755,231],[756,230]]}
{"ts":1509996111283001,"data":[[763,221],[766,220],[766,221],[759,222],[755,223],[754,227],[755,223],[757,223],[760,222],[760,222],[761,222],[760,221],[760,221],[760,222],[760,222],[761,222],[762,222],[762,222],[762,222],[761,222]]}
{"ts":1509996114284505,"data":[[761,221],[760,221],[759,220],[757,221],[758,221],[760,222],[758,221],[760,221],[760,222],[759,222],[761,221],[762,223],[768,221],[765,222],[761,222],[759,222],[760,223],[760,222],[758,221],[759,221],[760,221],[760,221],[759,221],[760,221],[760,221]]}
{"ts":1509996117254108,"data":[[760,221],[760,221],[759,221],[764,222],[765,223],[765,223],[766,224],[766,223],[764,223],[763,222],[764,223],[765,223],[765,223],[763,222],[760,223],[758,222],[759,223],[760,222],[760,221],[760,222],[765,222],[765,223],[765,223],[763,222],[762,221]]}
{"ts":1509996120274945,"data":[[762,221],[761,222],[762,222],[762,221],[763,221],[763,221],[764,221],[763,221],[763,220],[764,220],[763,222],[761,221],[767,221],[772,220],[776,220],[773,221],[772,223],[760,222],[755,221]]}
{"ts":1509996123275670,"data":[[755,219],[760,221],[768,221],[774,222],[767,228],[763,232],[757,230],[756,231],[752,228],[760,224],[758,231],[762,234],[780,237],[804,241],[822,245]]}
{"ts":1509996126264350,"data":[[908,244],[931,245],[966,241],[990,249]]}
{"ts":1509996129254738,"data":[]}
{"ts":1509996132253718,"data":[]}
{"ts":1509996511220756,"data":[]}
{"ts":1509996514244782,"data":[]}
{"ts":1509996517229359,"data":[]}
{"ts":1509996520228685,"data":[]}
{"ts":1509996523230195,"data":[]}
{"ts":1509996526220811,"data":[]}
{"ts":1509996529219783,"data":[]}
{"ts":1509996532231894,"data":[]}
{"ts":1509996589200125,"data":[]}
{"ts":1509996619106970,"data":[]}
{"ts":1509996649094177,"data":[]}
{"ts":1509996679107360,"data":[]}
{"ts":1509996709073929,"data":[]}
{"ts":1509996739075678,"data":[]}
{"ts":1509996769079821,"data":[]}
{"ts":1509996799071920,"data":[]}
{"ts":1509996829066007,"data":[[1227,252],[1117,260],[974,256],[829,272],[812,278],[769,282],[744,290],[725,284],[702,286],[683,288],[677,286],[677,284],[673,283],[671,279],[669,276],[569,249],[671,278],[568,249],[670,280],[663,279],[681,280],[733,250],[756,243],[766,237],[800,235],[828,234],[834,221],[853,217],[891,216],[898,214],[901,213],[891,206],[886,197],[886,192],[884,184]]}
{"ts":1509996859062439,"data":[[881,183],[867,185],[860,182],[843,177],[821,171],[809,166],[789,164],[771,163],[755,161],[729,159],[706,158],[635,144],[615,146],[601,145],[616,164],[581,145],[578,145],[569,137],[559,136],[529,140],[525,139],[530,138],[566,140],[575,143],[578,146],[599,154],[615,164],[642,166],[664,167],[689,171],[711,170],[733,173],[763,179],[778,180],[808,181],[819,185],[835,186],[838,186],[867,186],[877,196],[894,200],[899,201],[895,202],[880,199],[874,207],[840,203],[832,208],[817,210],[811,219],[793,223],[787,229],[759,232],[754,239],[746,249],[743,255],[815,269],[836,268],[911,271]]}
{"ts":1509996889072274,"data":[]}
{"ts":1509996919088361,"data":[]}
{"ts":1509996949056483,"data":[]}
{"ts":1509996979067723,"data":[]}
{"ts":1509997009068330,"data":[]}
{"ts":1509997039079912,"data":[]}
{"ts":1509997069094763,"data":[]}
{"ts":1509997099251443,"data":[]}
{"ts":1509997129244207,"data":[]}
{"ts":1509997159076700,"data":[]}
{"ts":1509997189086420,"data":[]}
{"ts":1509997219093123,"data":[]}
{"ts":1509997249078855,"data":[]}
{"ts":1509997279167949,"data":[[1187,233],[1148,235],[1116,222],[1059,216],[1042,215],[1013,206],[994,207],[979,201],[972,202],[967,201],[953,201],[930,195],[900,197],[903,199],[912,200],[925,200],[964,206],[978,208],[988,213],[1027,209],[1040,209],[1057,212],[1076,215],[1105,215],[1118,214],[1134,213]]}
{"ts":1509997309077511,"data":[[1161,211],[1179,214],[1202,211],[1234,243],[1162,252],[1110,253],[1045,239],[1002,238],[979,241],[915,264],[796,288],[772,280],[749,285],[732,283],[721,281],[712,279],[702,277],[697,279],[690,281],[684,277],[662,276],[660,278],[657,276],[658,278],[658,276],[660,276],[661,277],[661,277],[662,277],[662,277],[662,278],[665,277],[667,277],[667,278],[666,279],[666,279],[667,279],[667,277],[666,278],[666,277],[666,276],[664,275],[666,274],[667,272],[668,272],[670,270],[669,271],[671,271],[671,271],[671,272],[671,272],[665,272],[666,272],[660,274],[665,276],[665,277],[664,277],[667,277],[668,278],[668,278],[669,277],[668,276],[668,276],[668,277],[668,278],[668,276],[668,276],[668,276],[667,276],[663,276],[661,274],[662,272],[660,273],[665,273],[667,274],[664,275],[667,277],[673,274],[736,268],[722,254],[657,221],[1099,236],[651,217],[641,216],[634,210],[630,196],[627,191],[623,181],[611,181],[604,168],[591,162],[572,161],[570,155],[568,155],[570,142],[557,140],[547,139],[512,140],[502,135],[494,135],[481,539],[522,510],[546,472],[563,449],[631,429],[655,412],[680,415],[723,390],[833,315],[833,247],[827,242],[810,236],[800,222],[777,216],[768,207],[760,206],[745,208],[737,204],[725,187],[703,180],[688,183],[638,176],[621,173],[596,158],[578,162],[563,165],[542,166],[521,164],[505,162]]}
{"ts":1509997339079890,"data":[[524,131],[554,132],[575,127],[578,131],[579,126],[581,119],[586,107],[596,105],[637,106],[640,100],[639,99],[638,102],[638,100],[634,84],[632,83],[629,83],[632,71],[634,69],[633,70],[637,84],[636,83],[632,81],[632,83],[632,84],[632,81],[632,81],[632,80],[632,80],[629,71],[628,71],[628,69],[628,67],[628,67],[626,67],[627,68],[628,67],[626,68],[627,68],[625,68],[621,67],[622,68],[629,64],[636,65],[638,64],[652,62],[677,60],[682,67],[686,67],[686,65],[686,66],[685,99],[693,102],[700,100],[703,91],[702,90]]}
{"ts":1509997369086283,"data":[]}
{"ts":1509997399077235,"data":[]}
{"ts":1509997429078700,"data":[]}
{"ts":1509997459091226,"data":[]}
{"ts":1509997489070678,"data":[]}
{"ts":1509997519082627,"data":[]}
{"ts":1509997549071458,"data":[]}
{"ts":1509997579090590,"data":[]}
{"ts":1509997609090521,"data":[]}
{"ts":1509997639090552,"data":[]}
{"ts":1509997669090729,"data":[]}
{"ts":1509997699104009,"data":[]}
{"ts":1509997729082531,"data":[]}
{"ts":1509997759084554,"data":[]}
{"ts":1509997789094598,"data":[]}
{"ts":1509997819082629,"data":[]}
{"ts":1509997849084764,"data":[]}
{"ts":1509997879083776,"data":[]}
{"ts":1509997909083887,"data":[]}
{"ts":1509997939095632,"data":[]}
{"ts":1509997969095189,"data":[]}
{"ts":1509997999105998,"data":[]}
{"ts":1509998029103789,"data":[]}
{"ts":1509998059097533,"data":[]}
{"ts":1509998089097295,"data":[]}
{"ts":1509998119095678,"data":[]}
{"ts":1509998149088216,"data":[]}
{"ts":1509998179095517,"data":[]}
{"ts":1509998209098031,"data":[]}
{"ts":1509998239088919,"data":[]}
{"ts":1509998269096487,"data":[]}
{"ts":1509998299096599,"data":[]}
{"ts":1509998329088890,"data":[]}
{"ts":1509998359119791,"data":[]}
{"ts":1509998389098901,"data":[]}
{"ts":1509998419092839,"data":[]}
{"ts":1509998449098890,"data":[]}
{"ts":1509998479109815,"data":[]}
{"ts":1509998509079756,"data":[]}
{"ts":1509998539093440,"data":[]}
{"ts":1509998569093142,"data":[]}
{"ts":1509998599093462,"data":[]}
{"ts":1509998629094734,"data":[]}
{"ts":1509998659095524,"data":[]}
{"ts":1509998689098036,"data":[]}
{"ts":1509998719107200,"data":[]}
{"ts":1509998749094545,"data":[]}
{"ts":1509998779093605,"data":[]}
{"ts":1509998809081826,"data":[]}
{"ts":1509998839084963,"data":[]}
{"ts":1509998869093131,"data":[]}
{"ts":1509998899098764,"data":[]}
{"ts":1509998929085283,"data":[]}
{"ts":1509998959085889,"data":[]}
{"ts":1509998989087429,"data":[]}
{"ts":1509999019089735,"data":[]}
{"ts":1509999049076535,"data":[]}
{"ts":1509999079091174,"data":[]}
{"ts":1509999109087857,"data":[]}
{"ts":1509999139088286,"data":[]}
{"ts":1509999169094368,"data":[]}
{"ts":1509999199101583,"data":[]}
{"ts":1509999229098699,"data":[]}
{"ts":1509999259093829,"data":[]}
{"ts":1509999289093819,"data":[]}
{"ts":1509999319110550,"data":[]}
{"ts":1509999349110464,"data":[]}
{"ts":1509999379093261,"data":[]}
{"ts":1509999409082129,"data":[]}
{"ts":1509999439081914,"data":[]}
{"ts":1509999469092518,"data":[]}
{"ts":1509999499084064,"data":[]}
{"ts":1509999529083338,"data":[]}
{"ts":1509999559083265,"data":[]}
{"ts":1509999589093614,"data":[]}
{"ts":1509999619097994,"data":[]}
{"ts":1509999649102975,"data":[]}
{"ts":1509999679105542,"data":[]}
{"ts":1509999709104044,"data":[]}
{"ts":1509999739098271,"data":[]}
{"ts":1509999769096206,"data":[]}
{"ts":1509999799095290,"data":[]}
{"ts":1509999829102057,"data":[]}
{"ts":1509999859095886,"data":[]}
{"ts":1509999889116006,"data":[]}
{"ts":1509999919116827,"data":[]}
{"ts":1509999949118359,"data":[]}
{"ts":1509999979107756,"data":[]}
{"ts":1510000009103070,"data":[]}
{"ts":1510000039088624,"data":[]}
{"ts":1510000069109572,"data":[]}
{"ts":1510000099092383,"data":[]}
{"ts":1510000129093071,"data":[]}
{"ts":1510000159093555,"data":[]}
{"ts":1510000189109379,"data":[]}
{"ts":1510000219094579,"data":[]}
{"ts":1510000249100319,"data":[]}
{"ts":1510000279094977,"data":[]}
{"ts":1510000309110974,"data":[]}
{"ts":1510000339112812,"data":[]}
{"ts":1510000369111833,"data":[]}
{"ts":1510000399092796,"data":[]}
{"ts":1510000429113817,"data":[]}
{"ts":1510000459125160,"data":[]}
{"ts":1510000489114609,"data":[]}
{"ts":1510000519116489,"data":[]}
{"ts":1510000549125706,"data":[]}
{"ts":1510000579124425,"data":[]}
{"ts":1510000609107585,"data":[]}
{"ts":1510000639125176,"data":[]}
{"ts":1510000669126761,"data":[]}
{"ts":1510000699108606,"data":[]}
{"ts":1510000729108950,"data":[]}
{"ts":1510000759108830,"data":[]}
{"ts":1510000789118715,"data":[]}
{"ts":1510000819129262,"data":[]}
{"ts":1510000849130032,"data":[]}
{"ts":1510000879109963,"data":[]}
{"ts":1510000909110083,"data":[]}
{"ts":1510000939109732,"data":[]}
{"ts":1510000969109616,"data":[]}
{"ts":1510000999110249,"data":[]}
{"ts":1510001029112417,"data":[]}
{"ts":1510001059122988,"data":[]}
{"ts":1510001089139227,"data":[]}
{"ts":1510001119131485,"data":[]}
{"ts":1510001149132841,"data":[]}
{"ts":1510001179124644,"data":[]}
{"ts":1510001209113563,"data":[]}
{"ts":1510001239114240,"data":[]}
{"ts":1510001269123121,"data":[]}
{"ts":1510001299114203,"data":[]}
{"ts":1510001329117367,"data":[]}
{"ts":1510001359124032,"data":[]}
{"ts":1510001389128375,"data":[]}
{"ts":1510001419124900,"data":[]}
{"ts":1510001449110247,"data":[]}
{"ts":1510001479126669,"data":[]}
{"ts":1510001509125064,"data":[]}
{"ts":1510001539117908,"data":[]}
{"ts":1510001569127164,"data":[]}
{"ts":1510001599117077,"data":[]}
{"ts":1510001629117364,"data":[]}
{"ts":1510001659117937,"data":[]}
{"ts":1510001689128243,"data":[]}
{"ts":1510001719129048,"data":[]}
{"ts":1510001749129709,"data":[]}
{"ts":1510001779129324,"data":[]}
{"ts":1510001809131301,"data":[]}
{"ts":1510001839121836,"data":[]}
{"ts":1510001869120036,"data":[]}
{"ts":1510001899150295,"data":[]}
{"ts":1510001929130992,"data":[]}
{"ts":1510001959130980,"data":[]}
{"ts":1510001989152033,"data":[]}
{"ts":1510002019132653,"data":[]}
{"ts":1510002049133344,"data":[]}
{"ts":1510002079132559,"data":[]}
{"ts":1510002109133510,"data":[]}
{"ts":1510002139134459,"data":[]}
{"ts":1510002169127424,"data":[]}
{"ts":1510002199133859,"data":[]}
{"ts":1510002229146864,"data":[]}
{"ts":1510002259129906,"data":[]}
{"ts":1510002289136902,"data":[]}
{"ts":1510002319125931,"data":[]}
{"ts":1510002349127726,"data":[]}
{"ts":1510002379136485,"data":[]}
{"ts":1510002409137559,"data":[]}
{"ts":1510002439137704,"data":[]}
{"ts":1510002469143975,"data":[]}
{"ts":1510002499138454,"data":[]}
{"ts":1510002529138229,"data":[]}
{"ts":1510002559138509,"data":[]}
{"ts":1510002589138768,"data":[]}
{"ts":1510002619138766,"data":[]}
{"ts":1510002649130439,"data":[]}
{"ts":1510002679119353,"data":[]}
{"ts":1510002709153615,"data":[]}
{"ts":1510002739151041,"data":[]}
{"ts":1510002769140280,"data":[]}
{"ts":1510002799141231,"data":[]}
{"ts":1510002829133740,"data":[]}
{"ts":1510002859142663,"data":[]}
{"ts":1510002889142608,"data":[]}
{"ts":1510002919159246,"data":[]}
{"ts":1510002949153590,"data":[]}
{"ts":1510002979141492,"data":[]}
{"ts":1510003009144740,"data":[]}
{"ts":1510003039145354,"data":[]}
{"ts":1510003069149525,"data":[]}
{"ts":1510003099145004,"data":[]}
{"ts":1510003129139870,"data":[]}
{"ts":1510003159141622,"data":[]}
{"ts":1510003189148167,"data":[]}
{"ts":1510003219141956,"data":[]}
{"ts":1510003249147612,"data":[]}
{"ts":1510003279149512,"data":[]}
{"ts":1510003309139334,"data":[]}
{"ts":1510003339134621,"data":[]}
{"ts":1510003369132334,"data":[]}
{"ts":1510003399131634,"data":[]}
{"ts":1510003429132587,"data":[]}
{"ts":1510003459149641,"data":[]}
{"ts":1510003489149678,"data":[]}
{"ts":1510003519131945,"data":[]}
{"ts":1510003549144164,"data":[]}
{"ts":1510003579142391,"data":[]}
{"ts":1510003609141586,"data":[]}
{"ts":1510003639144202,"data":[]}
{"ts":1510003669145895,"data":[]}
{"ts":1510003699145905,"data":[]}
{"ts":1510003729134529,"data":[]}
{"ts":1510003759136242,"data":[]}
{"ts":1510003789134568,"data":[]}
{"ts":1510003819144493,"data":[]}
{"ts":1510003849137081,"data":[]}
{"ts":1510003879125964,"data":[]}
{"ts":1510003909126118,"data":[]}
{"ts":1510003939126671,"data":[]}
{"ts":1510003969128070,"data":[]}
{"ts":1510003999138127,"data":[]}
{"ts":1510004029127929,"data":[]}
{"ts":1510004059131222,"data":[]}
{"ts":1510004089128320,"data":[]}
{"ts":1510004119138509,"data":[]}
{"ts":1510004149138400,"data":[]}
{"ts":1510004179158355,"data":[]}
{"ts":1510004209159730,"data":[]}
{"ts":1510004239152537,"data":[]}
{"ts":1510004269140501,"data":[]}
{"ts":1510004299140237,"data":[]}
{"ts":1510004329141033,"data":[]}
{"ts":1510004359144887,"data":[]}
{"ts":1510004389133806,"data":[]}
{"ts":1510004419135291,"data":[]}
{"ts":1510004449144964,"data":[]}
{"ts":1510004479144191,"data":[]}
{"ts":1510004509134441,"data":[]}
{"ts":1510004539135874,"data":[]}
{"ts":1510004569145439,"data":[]}
{"ts":1510004599135358,"data":[]}
{"ts":1510004629135337,"data":[]}
{"ts":1510004659136541,"data":[]}
{"ts":1510004689136091,"data":[]}
{"ts":1510004719146601,"data":[]}
{"ts":1510004749138596,"data":[]}
{"ts":1510004779158009,"data":[]}
{"ts":1510004809148255,"data":[]}
{"ts":1510004839137936,"data":[]}
{"ts":1510004869148162,"data":[]}
{"ts":1510004899171914,"data":[]}
{"ts":1510004929175382,"data":[]}
{"ts":1510004959168339,"data":[]}
{"ts":1510004989168926,"data":[]}
{"ts":1510005019139431,"data":[]}
{"ts":1510005049175925,"data":[]}
{"ts":1510005079160194,"data":[]}
{"ts":1510005109160878,"data":[]}
{"ts":1510005139162105,"data":[]}
{"ts":1510005169162913,"data":[]}
{"ts":1510005199162558,"data":[]}
{"ts":1510005229161468,"data":[]}
{"ts":1510005259154253,"data":[]}
{"ts":1510005289174531,"data":[]}
{"ts":1510005319173076,"data":[]}
{"ts":1510005349156058,"data":[]}
{"ts":1510005379154388,"data":[]}
{"ts":1510005409164617,"data":[]}
{"ts":1510005439165544,"data":[]}
{"ts":1510005469145569,"data":[]}
{"ts":1510005499146362,"data":[]}
{"ts":1510005529167448,"data":[]}
{"ts":1510005559185685,"data":[]}
{"ts":1510005589186035,"data":[]}
{"ts":1510005619167983,"data":[]}
{"ts":1510005649168522,"data":[]}
{"ts":1510005679182808,"data":[]}
{"ts":1510005709167982,"data":[]}
{"ts":1510005739168046,"data":[]}
{"ts":1510005769168955,"data":[]}
{"ts":1510005799169451,"data":[]}
{"ts":1510005829170208,"data":[]}
{"ts":1510005859190393,"data":[]}
{"ts":1510005889170454,"data":[]}
{"ts":1510005919170092,"data":[]}
{"ts":1510005949170728,"data":[]}
{"ts":1510005979171264,"data":[]}
{"ts":1510006009171884,"data":[]}
{"ts":1510006039155712,"data":[]}
{"ts":1510006069165541,"data":[]}
{"ts":1510006099162769,"data":[]}
{"ts":1510006129157703,"data":[]}
{"ts":1510006159184136,"data":[]}
{"ts":1510006189164470,"data":[]}
{"ts":1510006219164951,"data":[]}
{"ts":1510006249164416,"data":[]}
{"ts":1510006279175130,"data":[]}
{"ts":1510006309165379,"data":[]}
{"ts":1510006339188977,"data":[]}
{"ts":1510006369189117,"data":[]}
{"ts":1510006399188505,"data":[]}
{"ts":1510006429178299,"data":[]}
{"ts":1510006459177433,"data":[]}
{"ts":1510006489177200,"data":[]}
{"ts":1510006519177999,"data":[]}
{"ts":1510006549179077,"data":[]}
{"ts":1510006579172439,"data":[]}
{"ts":1510006609191682,"data":[]}
{"ts":1510006639179457,"data":[]}
{"ts":1510006669179866,"data":[]}
{"ts":1510006699158327,"data":[]}
{"ts":1510006729181933,"data":[]}
{"ts":1510006759195687,"data":[]}
{"ts":1510006789182397,"data":[]}
{"ts":1510006819193453,"data":[]}
{"ts":1510006849183118,"data":[]}
{"ts":1510006879183289,"data":[]}
{"ts":1510006909182702,"data":[]}
{"ts":1510006939175671,"data":[]}
{"ts":1510006969175087,"data":[]}
{"ts":1510006999165297,"data":[]}
{"ts":1510007029185439,"data":[]}
{"ts":1510007059205951,"data":[]}
{"ts":1510007089198476,"data":[]}
{"ts":1510007119207171,"data":[]}
{"ts":1510007149195520,"data":[]}
{"ts":1510007179180379,"data":[]}
{"ts":1510007209186196,"data":[]}
{"ts":1510007239177511,"data":[]}
{"ts":1510007269198723,"data":[]}
{"ts":1510007299169439,"data":[]}
{"ts":1510007329182456,"data":[]}
{"ts":1510007359198668,"data":[]}
{"ts":1510007389190138,"data":[]}
{"ts":1510007419179534,"data":[]}
{"ts":1510007449179952,"data":[]}
{"ts":1510007479200075,"data":[]}
{"ts":1510007509172897,"data":[]}
{"ts":1510007539201112,"data":[]}
{"ts":1510007569191456,"data":[]}
{"ts":1510007599184390,"data":[]}
{"ts":1510007629191501,"data":[]}
{"ts":1510007659182158,"data":[]}
{"ts":1510007689182756,"data":[]}
{"ts":1510007719184498,"data":[]}
{"ts":1510007749203615,"data":[]}
{"ts":1510007779206833,"data":[]}
{"ts":1510007809184546,"data":[]}
{"ts":1510007839195934,"data":[]}
{"ts":1510007869205257,"data":[]}
{"ts":1510007899206357,"data":[]}
{"ts":1510007929195462,"data":[]}
{"ts":1510007959206914,"data":[]}
{"ts":1510007989207537,"data":[]}
{"ts":1510008019190434,"data":[]}
{"ts":1510008049177870,"data":[]}
{"ts":1510008079197733,"data":[]}
{"ts":1510008109189211,"data":[]}
{"ts":1510008139181833,"data":[]}
{"ts":1510008169193373,"data":[]}
{"ts":1510008199179237,"data":[]}
{"ts":1510008229192428,"data":[]}
{"ts":1510008259191938,"data":[]}
{"ts":1510008289200015,"data":[]}
{"ts":1510008319190468,"data":[]}
{"ts":1510008349200660,"data":[]}
{"ts":1510008379194370,"data":[]}
{"ts":1510008409185082,"data":[]}
{"ts":1510008439192661,"data":[]}
{"ts":1510008469183436,"data":[]}
{"ts":1510008499202604,"data":[]}
{"ts":1510008529202988,"data":[]}
{"ts":1510008559194821,"data":[]}
{"ts":1510008589195738,"data":[]}
{"ts":1510008619184741,"data":[]}
{"ts":1510008649197919,"data":[]}
{"ts":1510008679186192,"data":[]}
{"ts":1510008709193737,"data":[]}
{"ts":1510008739177660,"data":[]}
{"ts":1510008769177123,"data":[]}
{"ts":1510008799197184,"data":[]}
{"ts":1510008829187810,"data":[]}
{"ts":1510008859208163,"data":[]}
{"ts":1510008889189026,"data":[]}
{"ts":1510008919191104,"data":[]}
{"ts":1510008949179166,"data":[]}
{"ts":1510008979208719,"data":[]}
{"ts":1510009009209865,"data":[]}
{"ts":1510009039201654,"data":[]}
{"ts":1510009069200856,"data":[]}
{"ts":1510009099200158,"data":[]}
{"ts":1510009129191871,"data":[]}
{"ts":1510009159192768,"data":[]}
{"ts":1510009189201506,"data":[]}
{"ts":1510009219211612,"data":[]}
{"ts":1510009249185441,"data":[]}
{"ts":1510009279212866,"data":[]}
{"ts":1510009309199834,"data":[]}
{"ts":1510009339198196,"data":[]}
{"ts":1510009369193647,"data":[]}
{"ts":1510009399214857,"data":[]}
{"ts":1510009429200550,"data":[]}
{"ts":1510009459200763,"data":[]}
{"ts":1510009489208627,"data":[]}
{"ts":1510009519195079,"data":[]}
{"ts":1510009549205708,"data":[]}
{"ts":1510009579197859,"data":[]}
{"ts":1510009609206544,"data":[]}
{"ts":1510009639198562,"data":[]}
{"ts":1510009669210295,"data":[]}
{"ts":1510009699199151,"data":[]}
{"ts":1510009729199062,"data":[]}
{"ts":1510009759211184,"data":[]}
{"ts":1510009789212766,"data":[]}
{"ts":1510009819221099,"data":[]}
{"ts":1510009849199402,"data":[]}
{"ts":1510009879200255,"data":[]}
{"ts":1510009909201676,"data":[]}
{"ts":1510009939211913,"data":[]}
{"ts":1510009969211433,"data":[]}
{"ts":1510009999203981,"data":[]}
{"ts":1510010029212843,"data":[]}
{"ts":1510010059203148,"data":[]}
{"ts":1510010089198491,"data":[]}
{"ts":1510010119202961,"data":[]}
{"ts":1510010149208684,"data":[]}
{"ts":1510010179207153,"data":[]}
{"ts":1510010209215410,"data":[]}
{"ts":1510010239205151,"data":[]}
{"ts":1510010269204925,"data":[]}
{"ts":1510010299225151,"data":[]}
{"ts":1510010329225959,"data":[]}
{"ts":1510010359208164,"data":[]}
{"ts":1510010389226660,"data":[]}
{"ts":1510010419208749,"data":[]}
{"ts":1510010449226846,"data":[]}
{"ts":1510010479228195,"data":[]}
{"ts":1510010509231378,"data":[]}
{"ts":1510010539228402,"data":[]}
{"ts":1510010569228451,"data":[]}
{"ts":1510010599221598,"data":[]}
{"ts":1510010629231962,"data":[]}
{"ts":1510010659211556,"data":[]}
{"ts":1510010689211942,"data":[]}
{"ts":1510010719222133,"data":[]}
{"ts":1510010749233347,"data":[]}
{"ts":1510010779233166,"data":[]}
{"ts":1510010809214009,"data":[]}
{"ts":1510010839205264,"data":[]}
{"ts":1510010869214759,"data":[]}
{"ts":1510010899215317,"data":[]}
{"ts":1510010929236951,"data":[]}
{"ts":1510010959216965,"data":[]}
{"ts":1510010989224301,"data":[]}
{"ts":1510011019236500,"data":[]}
{"ts":1510011049226259,"data":[]}
{"ts":1510011079218637,"data":[]}
{"ts":1510011109215422,"data":[]}
{"ts":1510011139239633,"data":[]}
{"ts":1510011169237931,"data":[]}
{"ts":1510011199210872,"data":[]}
{"ts":1510011229227865,"data":[]}
{"ts":1510011259217364,"data":[]}
{"ts":1510011289227587,"data":[]}
{"ts":1510011319219040,"data":[]}
{"ts":1510011349239461,"data":[]}
{"ts":1510011379240544,"data":[]}
{"ts":1510011409229259,"data":[]}
{"ts":1510011439230392,"data":[]}
{"ts":1510011469229440,"data":[]}
{"ts":1510011499231505,"data":[]}
{"ts":1510011529233488,"data":[]}
{"ts":1510011559242366,"data":[]}
{"ts":1510011589241997,"data":[]}
{"ts":1510011619236739,"data":[]}
{"ts":1510011649235743,"data":[]}
{"ts":1510011679244283,"data":[]}
{"ts":1510011709252812,"data":[]}
{"ts":1510011739224663,"data":[]}
{"ts":1510011769236117,"data":[]}
{"ts":1510011799236066,"data":[]}
{"ts":1510011829244048,"data":[]}
{"ts":1510011859248089,"data":[]}
{"ts":1510011889245028,"data":[]}
{"ts":1510011919227122,"data":[]}
{"ts":1510011949227303,"data":[]}
{"ts":1510011979235735,"data":[]}
{"ts":1510012009226975,"data":[]}
{"ts":1510012039229065,"data":[]}
{"ts":1510012069229393,"data":[]}
{"ts":1510012099229698,"data":[]}
{"ts":1510012129249229,"data":[]}
{"ts":1510012159242152,"data":[]}
{"ts":1510012189229568,"data":[]}
{"ts":1510012219234748,"data":[]}
{"ts":1510012249241808,"data":[]}
{"ts":1510012279232879,"data":[]}
{"ts":1510012309250570,"data":[]}
{"ts":1510012339234116,"data":[]}
{"ts":1510012369241534,"data":[]}
{"ts":1510012399243733,"data":[]}
{"ts":1510012429241263,"data":[]}
{"ts":1510012459243198,"data":[]}
{"ts":1510012489242123,"data":[]}
{"ts":1510012519243578,"data":[]}
{"ts":1510012549242777,"data":[]}
{"ts":1510012579236061,"data":[]}
{"ts":1510012609243982,"data":[]}
{"ts":1510012639245647,"data":[]}
{"ts":1510012669244728,"data":[]}
{"ts":1510012699244572,"data":[]}
{"ts":1510012729246622,"data":[]}
{"ts":1510012759245632,"data":[]}
{"ts":1510012789247397,"data":[]}
{"ts":1510012819246212,"data":[]}
{"ts":1510012849248158,"data":[]}
{"ts":1510012879247971,"data":[]}
{"ts":1510012909237439,"data":[]}
{"ts":1510012939250794,"data":[]}
{"ts":1510012969238206,"data":[]}
{"ts":1510012999238293,"data":[]}
{"ts":1510013029250633,"data":[]}
{"ts":1510013059250769,"data":[]}
{"ts":1510013089260442,"data":[]}
{"ts":1510013119261294,"data":[]}
{"ts":1510013149233166,"data":[]}
{"ts":1510013179249947,"data":[]}
{"ts":1510013209253931,"data":[]}
{"ts":1510013239241786,"data":[]}
{"ts":1510013269251163,"data":[]}
{"ts":1510013299273700,"data":[]}
{"ts":1510013329264579,"data":[]}
{"ts":1510013359245321,"data":[]}
{"ts":1510013389254640,"data":[]}
{"ts":1510013419253472,"data":[]}
{"ts":1510013449255695,"data":[]}
{"ts":1510013479254332,"data":[]}
{"ts":1510013509267120,"data":[]}
{"ts":1510013539236597,"data":[]}
{"ts":1510013569236619,"data":[]}
{"ts":1510013599226890,"data":[]}
{"ts":1510013629229062,"data":[]}
{"ts":1510013659227154,"data":[]}
{"ts":1510013689227197,"data":[]}
{"ts":1510013719250163,"data":[]}
{"ts":1510013749249073,"data":[]}
{"ts":1510013779229478,"data":[]}
{"ts":1510013809268976,"data":[]}
{"ts":1510013839229797,"data":[]}
{"ts":1510013869250259,"data":[]}
{"ts":1510013899252507,"data":[]}
{"ts":1510013929239331,"data":[]}
{"ts":1510013959231100,"data":[]}
{"ts":1510013989231139,"data":[]}
{"ts":1510014019231617,"data":[]}
{"ts":1510014049231508,"data":[]}
{"ts":1510014079241304,"data":[]}
{"ts":1510014109250752,"data":[]}
{"ts":1510014139238334,"data":[]}
{"ts":1510014169252779,"data":[]}
{"ts":1510014199242510,"data":[]}
{"ts":1510014229244769,"data":[]}
{"ts":1510014259244581,"data":[]}
{"ts":1510014289236253,"data":[]}
{"ts":1510014319243750,"data":[]}
{"ts":1510014349237504,"data":[]}
{"ts":1510014379237688,"data":[]}
{"ts":1510014409244226,"data":[]}
{"ts":1510014439245811,"data":[]}
{"ts":1510014469250254,"data":[]}
{"ts":1510014499248929,"data":[]}
{"ts":1510014529268796,"data":[]}
{"ts":1510014559248294,"data":[]}
{"ts":1510014589239652,"data":[]}
{"ts":1510014619252854,"data":[]}
{"ts":1510014649247703,"data":[]}
{"ts":1510014679249088,"data":[]}
{"ts":1510014709251446,"data":[]}
{"ts":1510014739251241,"data":[]}
{"ts":1510014769260345,"data":[]}
{"ts":1510014799260124,"data":[]}
{"ts":1510014829241210,"data":[]}
{"ts":1510014859261326,"data":[]}
{"ts":1510014889261256,"data":[]}
{"ts":1510014919261601,"data":[]}
{"ts":1510014949243371,"data":[]}
{"ts":1510014979263322,"data":[]}
{"ts":1510015009262916,"data":[]}
{"ts":1510015039252580,"data":[]}
{"ts":1510015069281895,"data":[]}
{"ts":1510015099254734,"data":[]}
{"ts":1510015129247771,"data":[]}
{"ts":1510015159250102,"data":[]}
{"ts":1510015189274437,"data":[]}
{"ts":1510015219265364,"data":[]}
{"ts":1510015249267637,"data":[]}
{"ts":1510015279259208,"data":[]}
{"ts":1510015309243752,"data":[]}
{"ts":1510015339267559,"data":[]}
{"ts":1510015369279522,"data":[]}
{"ts":1510015399279424,"data":[]}
{"ts":1510015429260708,"data":[]}
{"ts":1510015459259448,"data":[]}
{"ts":1510015489258953,"data":[]}
{"ts":1510015519282057,"data":[]}
{"ts":1510015549285887,"data":[]}
{"ts":1510015579269014,"data":[]}
{"ts":1510015609289632,"data":[]}
{"ts":1510015639269872,"data":[]}
{"ts":1510015669270546,"data":[]}
{"ts":1510015699272967,"data":[]}
{"ts":1510015729255366,"data":[]}
{"ts":1510015759263465,"data":[]}
{"ts":1510015789264150,"data":[]}
{"ts":1510015819284724,"data":[]}
{"ts":1510015849284217,"data":[]}
{"ts":1510015879273347,"data":[]}
{"ts":1510015909272980,"data":[]}
{"ts":1510015939272970,"data":[]}
{"ts":1510015969276828,"data":[]}
{"ts":1510015999275127,"data":[]}
{"ts":1510016029287203,"data":[]}
{"ts":1510016059267612,"data":[]}
{"ts":1510016089266620,"data":[]}
{"ts":1510016119268523,"data":[]}
{"ts":1510016149277383,"data":[]}
{"ts":1510016179277362,"data":[]}
{"ts":1510016209277070,"data":[]}
{"ts":1510016239276787,"data":[]}
{"ts":1510016269288970,"data":[]}
{"ts":1510016299277692,"data":[]}
{"ts":1510016329290246,"data":[]}
{"ts":1510016359289504,"data":[]}
{"ts":1510016389280883,"data":[]}
{"ts":1510016419279413,"data":[]}
{"ts":1510016449282111,"data":[]}
{"ts":1510016479281312,"data":[]}
{"ts":1510016509280432,"data":[]}
{"ts":1510016539282191,"data":[]}
{"ts":1510016569281208,"data":[]}
{"ts":1510016599281265,"data":[]}
{"ts":1510016629303117,"data":[]}
{"ts":1510016659292334,"data":[]}
{"ts":1510016689294289,"data":[]}
{"ts":1510016719293484,"data":[]}
{"ts":1510016749296438,"data":[]}
{"ts":1510016779276527,"data":[]}
{"ts":1510016809284297,"data":[]}
{"ts":1510016839277993,"data":[]}
{"ts":1510016869266880,"data":[]}
{"ts":1510016899266495,"data":[]}
{"ts":1510016929286196,"data":[]}
{"ts":1510016959295904,"data":[]}
{"ts":1510016989288109,"data":[]}
{"ts":1510017019307094,"data":[]}
{"ts":1510017049287648,"data":[]}
{"ts":1510017079287929,"data":[]}
{"ts":1510017109279417,"data":[]}
{"ts":1510017139280790,"data":[]}
{"ts":1510017169269433,"data":[]}
{"ts":1510017199269805,"data":[]}
{"ts":1510017229273927,"data":[]}
{"ts":1510017259284920,"data":[]}
{"ts":1510017289282577,"data":[]}
{"ts":1510017319290743,"data":[]}
{"ts":1510017349290730,"data":[]}
{"ts":1510017379272927,"data":[]}
{"ts":1510017409291995,"data":[]}
{"ts":1510017439284072,"data":[]}
{"ts":1510017469284350,"data":[]}
{"ts":1510017499285669,"data":[]}
{"ts":1510017529292961,"data":[]}
{"ts":1510017559303813,"data":[]}
{"ts":1510017589293559,"data":[]}
{"ts":1510017619297819,"data":[]}
{"ts":1510017649285074,"data":[]}
{"ts":1510017679294785,"data":[]}
{"ts":1510017709295601,"data":[]}
{"ts":1510017739297564,"data":[]}
{"ts":1510017769307266,"data":[]}
{"ts":1510017799296314,"data":[]}
{"ts":1510017829286496,"data":[]}
{"ts":1510017859300246,"data":[]}
{"ts":1510017889309815,"data":[]}
{"ts":1510017919278364,"data":[]}
{"ts":1510017949291018,"data":[]}
{"ts":1510017979280808,"data":[]}
{"ts":1510018009280089,"data":[]}
{"ts":1510018039279569,"data":[]}
{"ts":1510018069290716,"data":[]}
{"ts":1510018099301473,"data":[]}
{"ts":1510018129280820,"data":[]}
{"ts":1510018159292432,"data":[]}
{"ts":1510018189293178,"data":[]}
{"ts":1510018219301153,"data":[]}
{"ts":1510018249323039,"data":[]}
{"ts":1510018279312280,"data":[]}
{"ts":1510018309316798,"data":[]}
{"ts":1510018339293108,"data":[]}
{"ts":1510018369297644,"data":[]}
{"ts":1510018399303466,"data":[]}
{"ts":1510018429306958,"data":[]}
{"ts":1510018459283770,"data":[]}
{"ts":1510018489294106,"data":[]}
{"ts":1510018519287759,"data":[]}
{"ts":1510018549305514,"data":[]}
{"ts":1510018579286368,"data":[]}
{"ts":1510018609286418,"data":[]}
{"ts":1510018639299097,"data":[]}
{"ts":1510018669287525,"data":[]}
{"ts":1510018699281230,"data":[]}
{"ts":1510018729282518,"data":[]}
{"ts":1510018759275586,"data":[]}
{"ts":1510018789293162,"data":[]}
{"ts":1510018819296015,"data":[]}
{"ts":1510018849279957,"data":[]}
{"ts":1510018879291554,"data":[]}
{"ts":1510018909287089,"data":[]}
{"ts":1510018939280358,"data":[]}
{"ts":1510018969281460,"data":[]}
{"ts":1510018999281245,"data":[]}
{"ts":1510019029283170,"data":[]}
{"ts":1510019059301265,"data":[]}
{"ts":1510019089283880,"data":[]}
{"ts":1510019119282808,"data":[]}
{"ts":1510019149284053,"data":[]}
{"ts":1510019179283348,"data":[]}
{"ts":1510019209284252,"data":[]}
{"ts":1510019239284696,"data":[]}
{"ts":1510019269298726,"data":[]}
{"ts":1510019299303785,"data":[]}
{"ts":1510019329295622,"data":[]}
{"ts":1510019359307077,"data":[]}
{"ts":1510019389306579,"data":[]}
{"ts":1510019419306651,"data":[]}
{"ts":1510019449316384,"data":[]}
{"ts":1510019479290079,"data":[]}
{"ts":1510019509306716,"data":[]}
{"ts":1510019539311084,"data":[]}
{"ts":1510019569297547,"data":[]}
{"ts":1510019599322091,"data":[]}
{"ts":1510019629310257,"data":[]}
{"ts":1510019659303519,"data":[]}
{"ts":1510019689310385,"data":[]}
{"ts":1510019719299918,"data":[]}
{"ts":1510019749311841,"data":[]}
{"ts":1510019779292204,"data":[]}
{"ts":1510019809291193,"data":[]}
{"ts":1510019839311456,"data":[]}
{"ts":1510019869292128,"data":[]}
{"ts":1510019899304895,"data":[]}
{"ts":1510019929324081,"data":[]}
{"ts":1510019959314086,"data":[]}
{"ts":1510019989313407,"data":[]}
{"ts":1510020019313196,"data":[]}
{"ts":1510020049314332,"data":[]}
{"ts":1510020079295037,"data":[]}
{"ts":1510020109306607,"data":[]}
{"ts":1510020139306524,"data":[]}
{"ts":1510020169295500,"data":[]}
{"ts":1510020199310213,"data":[]}
{"ts":1510020229307578,"data":[]}
{"ts":1510020259307584,"data":[]}
{"ts":1510020289320558,"data":[]}
{"ts":1510020319317103,"data":[]}
{"ts":1510020349307766,"data":[]}
{"ts":1510020379318292,"data":[]}
{"ts":1510020409308330,"data":[]}
{"ts":1510020439317920,"data":[]}
{"ts":1510020469320729,"data":[]}
{"ts":1510020499329895,"data":[]}
{"ts":1510020529309710,"data":[]}
{"ts":1510020559321045,"data":[]}
{"ts":1510020589331861,"data":[]}
{"ts":1510020619310601,"data":[]}
{"ts":1510020649333409,"data":[]}
{"ts":1510020679346034,"data":[]}
{"ts":1510020709305794,"data":[]}
{"ts":1510020739306371,"data":[]}
{"ts":1510020769321890,"data":[]}
{"ts":1510020799307305,"data":[]}
{"ts":1510020829333344,"data":[]}
{"ts":1510020859325524,"data":[]}
{"ts":1510020889324905,"data":[]}
{"ts":1510020919306279,"data":[]}
{"ts":1510020949334288,"data":[]}
{"ts":1510020979328647,"data":[]}
{"ts":1510021009325055,"data":[]}
{"ts":1510021039337112,"data":[]}
{"ts":1510021069346253,"data":[]}
{"ts":1510021099327451,"data":[]}
{"ts":1510021129328955,"data":[]}
{"ts":1510021159337949,"data":[]}
{"ts":1510021189310350,"data":[]}
{"ts":1510021219321471,"data":[]}
{"ts":1510021249320374,"data":[]}
{"ts":1510021279328524,"data":[]}
{"ts":1510021309313297,"data":[]}
{"ts":1510021339331134,"data":[]}
{"ts":1510021369319600,"data":[]}
{"ts":1510021399330677,"data":[]}
{"ts":1510021429333658,"data":[]}
{"ts":1510021459334383,"data":[]}
{"ts":1510021489333476,"data":[]}
{"ts":1510021519331298,"data":[]}
{"ts":1510021549332404,"data":[]}
{"ts":1510021579333629,"data":[]}
{"ts":1510021609333553,"data":[]}
{"ts":1510021639355609,"data":[]}
{"ts":1510021669334413,"data":[]}
{"ts":1510021699334908,"data":[]}
{"ts":1510021729316766,"data":[]}
{"ts":1510021759336572,"data":[]}
{"ts":1510021789335560,"data":[]}
{"ts":1510021819346338,"data":[]}
{"ts":1510021849338960,"data":[]}
{"ts":1510021879327776,"data":[]}
{"ts":1510021909337331,"data":[]}
{"ts":1510021939339517,"data":[]}
{"ts":1510021969337968,"data":[]}
{"ts":1510021999330116,"data":[]}
{"ts":1510022029338686,"data":[]}
{"ts":1510022059331658,"data":[]}
{"ts":1510022089348822,"data":[]}
{"ts":1510022119349992,"data":[]}
{"ts":1510022149329631,"data":[]}
{"ts":1510022179349792,"data":[]}
{"ts":1510022209339812,"data":[]}
{"ts":1510022239340383,"data":[]}
{"ts":1510022269341379,"data":[]}
{"ts":1510022299348354,"data":[]}
{"ts":1510022329334423,"data":[]}
{"ts":1510022359340990,"data":[]}
{"ts":1510022389338441,"data":[]}
{"ts":1510022419355908,"data":[]}
{"ts":1510022449342447,"data":[]}
{"ts":1510022479334898,"data":[]}
{"ts":1510022509336033,"data":[]}
{"ts":1510022539325579,"data":[]}
{"ts":1510022569345394,"data":[]}
{"ts":1510022599335376,"data":[]}
{"ts":1510022629346662,"data":[]}
{"ts":1510022659337412,"data":[]}
{"ts":1510022689337954,"data":[]}
{"ts":1510022719338294,"data":[]}
{"ts":1510022749340529,"data":[]}
{"ts":1510022779348000,"data":[]}
{"ts":1510022809346550,"data":[]}
{"ts":1510022839338735,"data":[]}
{"ts":1510022869348227,"data":[]}
{"ts":1510022899348291,"data":[]}
{"ts":1510022929340588,"data":[]}
{"ts":1510022959348594,"data":[]}
{"ts":1510022989349366,"data":[]}
{"ts":1510023019350838,"data":[]}
{"ts":1510023049349981,"data":[]}
{"ts":1510023079370854,"data":[]}
{"ts":1510023109352424,"data":[]}
{"ts":1510023139340984,"data":[]}
{"ts":1510023169333695,"data":[]}
{"ts":1510023199346416,"data":[]}
{"ts":1510023229343641,"data":[]}
{"ts":1510023259334907,"data":[]}
{"ts":1510023289346420,"data":[]}
{"ts":1510023319355013,"data":[]}
{"ts":1510023349353728,"data":[]}
{"ts":1510023379347080,"data":[]}
{"ts":1510023409355980,"data":[]}
{"ts":1510023439334598,"data":[]}
{"ts":1510023469335397,"data":[]}
{"ts":1510023499336909,"data":[]}
{"ts":1510023529357126,"data":[]}
{"ts":1510023559347451,"data":[]}
{"ts":1510023589348011,"data":[]}
{"ts":1510023619350207,"data":[]}
{"ts":1510023649347302,"data":[]}
{"ts":1510023679347337,"data":[]}
{"ts":1510023709340651,"data":[]}
{"ts":1510023739337698,"data":[]}
{"ts":1510023769349004,"data":[]}
{"ts":1510023799344184,"data":[]}
{"ts":1510023829353152,"data":[]}
{"ts":1510023859347737,"data":[]}
{"ts":1510023889339351,"data":[]}
{"ts":1510023919339906,"data":[]}
{"ts":1510023949334999,"data":[]}
{"ts":1510023979341935,"data":[]}
{"ts":1510024009334119,"data":[]}
{"ts":1510024039331314,"data":[]}
{"ts":1510024069372439,"data":[]}
{"ts":1510024099353224,"data":[]}
{"ts":1510024129372314,"data":[]}
{"ts":1510024159339355,"data":[]}
{"ts":1510024189336103,"data":[]}
{"ts":1510024219335916,"data":[]}
{"ts":1510024249337897,"data":[]}
{"ts":1510024279337878,"data":[]}
{"ts":1510024309345035,"data":[]}
{"ts":1510024339351138,"data":[]}
{"ts":1510024369344952,"data":[]}
{"ts":1510024399346873,"data":[]}
{"ts":1510024429368456,"data":[]}
{"ts":1510024459338061,"data":[]}
{"ts":1510024489358993,"data":[]}
{"ts":1510024519358961,"data":[]}
{"ts":1510024549339356,"data":[]}
{"ts":1510024579360001,"data":[]}
{"ts":1510024609359938,"data":[]}
{"ts":1510024639350062,"data":[]}
{"ts":1510024669339103,"data":[]}
{"ts":1510024699342462,"data":[]}
{"ts":1510024729349871,"data":[]}
{"ts":1510024759363462,"data":[]}
{"ts":1510024789374328,"data":[]}
{"ts":1510024819354824,"data":[]}
{"ts":1510024849342854,"data":[]}
{"ts":1510024879362109,"data":[]}
{"ts":1510024909365347,"data":[]}
{"ts":1510024939356242,"data":[]}
{"ts":1510024969352778,"data":[]}
{"ts":1510024999363025,"data":[]}
{"ts":1510025029355534,"data":[]}
{"ts":1510025059375650,"data":[]}
{"ts":1510025089358129,"data":[]}
{"ts":1510025119357102,"data":[]}
{"ts":1510025149365088,"data":[]}
{"ts":1510025179367930,"data":[]}
{"ts":1510025209376703,"data":[]}
{"ts":1510025239377393,"data":[]}
{"ts":1510025269352598,"data":[]}
{"ts":1510025299369260,"data":[]}
{"ts":1510025329359232,"data":[]}
{"ts":1510025359367769,"data":[]}
{"ts":1510025389368497,"data":[]}
{"ts":1510025419372440,"data":[]}
{"ts":1510025449362420,"data":[]}
{"ts":1510025479380619,"data":[]}
{"ts":1510025509372071,"data":[]}
{"ts":1510025539369181,"data":[]}
{"ts":1510025569381876,"data":[]}
{"ts":1510025599360257,"data":[]}
{"ts":1510025629362803,"data":[]}
{"ts":1510025659361515,"data":[]}
{"ts":1510025689362479,"data":[]}
{"ts":1510025719356546,"data":[]}
{"ts":1510025749372936,"data":[]}
{"ts":1510025779382273,"data":[]}
{"ts":1510025809372655,"data":[]}
{"ts":1510025839366651,"data":[]}
{"ts":1510025869366062,"data":[]}
{"ts":1510025899374146,"data":[]}
{"ts":1510025929367359,"data":[]}
{"ts":1510025959377774,"data":[]}
{"ts":1510025989377061,"data":[]}
{"ts":1510026019358073,"data":[]}
{"ts":1510026049375581,"data":[]}
{"ts":1510026079375664,"data":[]}
{"ts":1510026109377443,"data":[]}
{"ts":1510026139377126,"data":[]}
{"ts":1510026169377070,"data":[]}
{"ts":1510026199387370,"data":[]}
{"ts":1510026229377611,"data":[]}
{"ts":1510026259377816,"data":[]}
{"ts":1510026289378868,"data":[]}
{"ts":1510026319381983,"data":[]}
{"ts":1510026349379250,"data":[]}
{"ts":1510026379380507,"data":[]}
{"ts":1510026409380395,"data":[]}
{"ts":1510026439383726,"data":[]}
{"ts":1510026469380777,"data":[]}
{"ts":1510026499381617,"data":[]}
{"ts":1510026529371671,"data":[]}
{"ts":1510026559382835,"data":[]}
{"ts":1510026589383724,"data":[]}
{"ts":1510026619393453,"data":[]}
{"ts":1510026649383659,"data":[]}
{"ts":1510026679374046,"data":[]}
{"ts":1510026709366936,"data":[]}
{"ts":1510026739365376,"data":[]}
{"ts":1510026769385370,"data":[]}
{"ts":1510026799368104,"data":[]}
{"ts":1510026829386138,"data":[]}
{"ts":1510026859368003,"data":[]}
{"ts":1510026889386996,"data":[]}
{"ts":1510026919368589,"data":[]}
{"ts":1510026949377098,"data":[]}
{"ts":1510026979371440,"data":[]}
{"ts":1510027009377758,"data":[]}
{"ts":1510027039378050,"data":[]}
{"ts":1510027069379301,"data":[]}
{"ts":1510027099380064,"data":[]}
{"ts":1510027129378841,"data":[]}
{"ts":1510027159389497,"data":[]}
{"ts":1510027189390343,"data":[]}
{"ts":1510027219400186,"data":[]}
{"ts":1510027249391121,"data":[]}
{"ts":1510027279393961,"data":[]}
{"ts":1510027309382018,"data":[]}
{"ts":1510027339384077,"data":[]}
{"ts":1510027369382757,"data":[]}
{"ts":1510027399392697,"data":[]}
{"ts":1510027429385984,"data":[]}
{"ts":1510027459382535,"data":[]}
{"ts":1510027489393073,"data":[]}
{"ts":1510027519393835,"data":[]}
{"ts":1510027549385144,"data":[]}
{"ts":1510027579385691,"data":[]}
{"ts":1510027609385625,"data":[]}
{"ts":1510027639394586,"data":[]}
{"ts":1510027669397559,"data":[]}
{"ts":1510027699397022,"data":[]}
{"ts":1510027729395626,"data":[]}
{"ts":1510027759395838,"data":[]}
{"ts":1510027789398412,"data":[]}
{"ts":1510027819401687,"data":[]}
{"ts":1510027849396834,"data":[]}
{"ts":1510027879397402,"data":[]}
{"ts":1510027909380318,"data":[]}
{"ts":1510027939391735,"data":[]}
{"ts":1510027969390235,"data":[]}
{"ts":1510027999398807,"data":[]}
{"ts":1510028029399933,"data":[]}
{"ts":1510028059391597,"data":[]}
{"ts":1510028089400106,"data":[]}
{"ts":1510028119393772,"data":[]}
{"ts":1510028149392406,"data":[]}
{"ts":1510028179393277,"data":[]}
{"ts":1510028209401127,"data":[]}
{"ts":1510028239414953,"data":[]}
{"ts":1510028269402777,"data":[]}
{"ts":1510028299410741,"data":[]}
{"ts":1510028329398580,"data":[]}
{"ts":1510028359403197,"data":[]}
{"ts":1510028389404422,"data":[]}
{"ts":1510028419404386,"data":[]}
{"ts":1510028449384312,"data":[]}
{"ts":1510028479405981,"data":[]}
{"ts":1510028509395989,"data":[]}
{"ts":1510028539395585,"data":[]}
{"ts":1510028569395905,"data":[]}
{"ts":1510028599396677,"data":[]}
{"ts":1510028629396997,"data":[]}
{"ts":1510028659378082,"data":[]}
{"ts":1510028689416887,"data":[]}
{"ts":1510028719417889,"data":[]}
{"ts":1510028749399467,"data":[]}
{"ts":1510028779399052,"data":[]}
{"ts":1510028809380444,"data":[]}
{"ts":1510028839419955,"data":[]}
{"ts":1510028869400321,"data":[]}
{"ts":1510028899399566,"data":[]}
{"ts":1510028929380864,"data":[]}
{"ts":1510028959421164,"data":[]}
{"ts":1510028989402228,"data":[]}
{"ts":1510029019401767,"data":[]}
{"ts":1510029049421239,"data":[]}
{"ts":1510029079401983,"data":[]}
{"ts":1510029109404331,"data":[]}
{"ts":1510029139405281,"data":[]}
{"ts":1510029169394403,"data":[]}
{"ts":1510029199394386,"data":[]}
{"ts":1510029229400011,"data":[]}
{"ts":1510029259381178,"data":[]}
{"ts":1510029289401533,"data":[]}
{"ts":1510029319410511,"data":[]}
{"ts":1510029349400713,"data":[]}
{"ts":1510029379400029,"data":[]}
{"ts":1510029409399388,"data":[]}
{"ts":1510029439397398,"data":[]}
{"ts":1510029469396638,"data":[]}
{"ts":1510029499389798,"data":[]}
{"ts":1510029529398144,"data":[]}
{"ts":1510029559390599,"data":[]}
{"ts":1510029589390535,"data":[]}
{"ts":1510029619390729,"data":[]}
{"ts":1510029649396168,"data":[]}
{"ts":1510029679404904,"data":[]}
{"ts":1510029709392027,"data":[]}
{"ts":1510029739394000,"data":[]}
{"ts":1510029769402624,"data":[]}
{"ts":1510029799393312,"data":[]}
{"ts":1510029829411282,"data":[]}
{"ts":1510029859411724,"data":[]}
{"ts":1510029889424526,"data":[]}
{"ts":1510029919404122,"data":[]}
{"ts":1510029949402599,"data":[]}
{"ts":1510029979425087,"data":[]}
{"ts":1510030009413686,"data":[]}
{"ts":1510030039415335,"data":[]}
{"ts":1510030069416135,"data":[]}
{"ts":1510030099414458,"data":[]}
{"ts":1510030129414552,"data":[]}
{"ts":1510030159399088,"data":[]}
{"ts":1510030189416627,"data":[]}
{"ts":1510030219415759,"data":[]}
{"ts":1510030249412294,"data":[]}
{"ts":1510030279406985,"data":[]}
{"ts":1510030309411246,"data":[]}
{"ts":1510030339416917,"data":[]}
{"ts":1510030369412582,"data":[]}
{"ts":1510030399411317,"data":[]}
{"ts":1510030429412766,"data":[]}
{"ts":1510030459429011,"data":[]}
{"ts":1510030489409485,"data":[]}
{"ts":1510030519429592,"data":[]}
{"ts":1510030549430863,"data":[]}
{"ts":1510030579404104,"data":[]}
{"ts":1510030609420791,"data":[]}
{"ts":1510030639420834,"data":[]}
{"ts":1510030669431686,"data":[]}
{"ts":1510030699406062,"data":[]}
{"ts":1510030729423136,"data":[]}
{"ts":1510030759433126,"data":[]}
{"ts":1510030789407250,"data":[]}
{"ts":1510030819415195,"data":[]}
{"ts":1510030849435121,"data":[]}
{"ts":1510030879434059,"data":[]}
{"ts":1510030909425490,"data":[]}
{"ts":1510030939425109,"data":[]}
{"ts":1510030969426549,"data":[]}
{"ts":1510030999417608,"data":[]}
{"ts":1510031029417660,"data":[]}
{"ts":1510031059418346,"data":[]}
{"ts":1510031089410773,"data":[]}
{"ts":1510031119436843,"data":[]}
{"ts":1510031149427402,"data":[]}
{"ts":1510031179427385,"data":[]}
{"ts":1510031209427685,"data":[]}
{"ts":1510031239428093,"data":[]}
{"ts":1510031269429313,"data":[]}
{"ts":1510031299429696,"data":[]}
{"ts":1510031329422470,"data":[]}
{"ts":1510031359429622,"data":[]}
{"ts":1510031389441028,"data":[]}
{"ts":1510031419430330,"data":[]}
{"ts":1510031449431380,"data":[]}
{"ts":1510031479431376,"data":[]}
{"ts":1510031509434948,"data":[]}
{"ts":1510031539432317,"data":[]}
{"ts":1510031569432008,"data":[]}
{"ts":1510031599432333,"data":[]}
{"ts":1510031629432756,"data":[]}
{"ts":1510031659416021,"data":[]}
{"ts":1510031689437223,"data":[]}
{"ts":1510031719435499,"data":[]}
{"ts":1510031749434177,"data":[]}
{"ts":1510031779434718,"data":[]}
{"ts":1510031809435237,"data":[]}
{"ts":1510031839418097,"data":[]}
{"ts":1510031869426219,"data":[]}
{"ts":1510031899436410,"data":[]}
{"ts":1510031929437915,"data":[]}
{"ts":1510031959436409,"data":[]}
{"ts":1510031989420907,"data":[]}
{"ts":1510032019428598,"data":[]}
{"ts":1510032049427998,"data":[]}
{"ts":1510032079448961,"data":[[660,88],[664,91],[591,117],[690,95],[590,117],[692,96],[591,117],[689,102],[594,115],[685,102],[593,115],[592,116],[592,116],[654,110],[638,110],[632,116],[632,124],[634,128],[637,126],[636,128],[619,132],[607,130],[588,138],[581,143],[572,148],[572,153],[571,154],[579,158],[584,161],[574,166],[565,169],[565,168],[565,170],[567,173],[586,195],[575,199],[564,201],[540,202],[527,201]]}
{"ts":1510032109429033,"data":[[769,244],[800,245],[821,248],[839,246]]}
{"ts":1510032139440409,"data":[[557,206],[1122,236],[557,203],[634,204],[659,200],[683,200],[709,197],[722,207],[745,201],[763,205],[999,237],[783,207],[988,225],[982,220],[987,213],[815,211],[825,207],[998,211],[834,208],[1030,207],[902,210],[1046,208],[915,207],[1050,217],[940,197],[960,202],[974,209],[980,204],[986,196],[999,196],[1020,195],[1023,198],[1022,196],[1022,193],[1025,194],[1038,185],[1037,184],[1037,183],[998,193],[992,185],[987,183],[979,181],[977,174],[972,176],[974,170],[971,164],[968,166],[967,170],[966,171],[965,169],[965,169],[964,170],[960,171],[967,171],[969,167],[970,165],[970,165],[972,169],[975,168],[976,167],[978,171],[976,174],[1033,201],[1045,201],[971,166],[1053,200],[972,175],[971,172],[971,172],[971,172],[1059,199],[970,175],[1058,199],[1059,199],[968,176],[1055,199],[964,171],[1041,198],[964,176],[968,168],[965,164],[964,165],[964,162],[1031,182],[963,165],[1042,183],[962,167],[967,164],[986,171],[985,165],[987,177],[992,178],[982,179],[982,182],[979,180],[975,179],[975,183],[977,185],[1139,182],[1143,181],[1176,192],[1178,191],[1184,194],[1187,199],[1193,198],[1194,201],[1200,201],[1199,201],[1199,204],[1196,204],[1195,204],[1195,206],[1195,207],[1199,208],[1199,209],[1200,208],[1200,208],[1201,206],[1202,204],[1199,206],[1196,204],[1196,200],[1192,199],[1185,198],[1169,197],[1162,194],[1133,183],[1113,182],[1099,180],[1071,176],[1055,170],[1047,167],[1038,166],[1033,165],[1031,165],[1034,164],[1035,162],[1031,158],[996,161],[982,148],[981,148],[983,149],[992,146],[987,142],[984,143],[983,138],[976,146],[991,167],[988,167],[985,167],[986,174],[1005,181],[1021,183],[1028,184],[1034,193],[1024,196],[1047,229],[1042,236]]}
{"ts":1510032169441518,"data":[[891,282],[827,283],[762,256],[704,255],[688,250],[642,244],[596,380],[577,371],[570,241],[571,238],[559,242],[556,243],[555,242],[549,241],[532,239],[533,238],[552,245],[525,240],[499,241],[511,236],[540,240],[567,235],[563,234],[564,234],[562,235],[563,234],[562,232],[560,231],[564,232],[566,234],[566,234],[570,235],[570,234],[571,233],[569,233],[569,235],[569,232],[563,235],[560,236],[562,240],[554,244],[572,243],[590,243],[568,240],[608,238],[622,238],[636,243],[641,245],[650,250],[652,255],[658,271],[677,251],[839,298],[837,296],[675,252],[665,254],[836,294],[665,251],[833,295],[665,251],[817,299],[665,248],[665,248],[811,289],[659,250],[658,251],[790,287],[657,250],[657,248],[656,247],[656,246],[657,246],[660,246],[658,248],[658,250],[658,249],[657,250],[659,247],[658,247],[749,258],[661,247],[660,247],[664,245],[665,248],[664,245],[663,244],[810,281],[655,247],[636,246],[627,248],[803,279],[799,281],[612,248],[598,246],[801,282],[582,244],[805,279],[577,242],[810,289],[577,243],[828,297],[575,242],[837,301],[649,344],[573,242],[844,308],[652,343],[570,240],[576,241],[635,324],[898,313],[581,239],[580,240],[899,326],[580,238],[580,238],[579,239],[580,239],[579,240],[580,240],[1060,357],[578,240],[577,243],[574,246],[577,247],[576,246],[577,247],[578,248],[580,247],[585,249],[586,245],[589,244],[591,246],[592,248],[598,244],[605,240],[606,239],[618,246],[597,237],[627,244],[631,244],[633,245],[639,245],[642,242],[646,241],[648,242],[646,244],[648,246],[644,247],[627,244],[610,247],[585,239],[570,244],[555,244],[561,242],[562,244],[561,241],[556,240],[566,243],[557,245],[563,247],[578,245],[581,246],[572,244],[552,243],[506,245],[559,243],[490,247],[559,243],[494,249],[487,248],[998,235],[500,251],[558,242],[499,251],[502,249],[503,249],[505,245],[561,242],[500,250],[824,252],[501,250],[502,250],[503,250],[510,250],[560,242],[558,236],[490,249],[661,247],[553,236],[560,215],[596,232],[567,235],[560,242],[498,247],[497,245],[513,284],[514,276],[558,243],[561,241],[561,242],[562,241],[560,242],[559,243],[558,247],[552,252],[563,249],[563,247],[563,248]]}
{"ts":1510032199441542,"data":[[559,247],[557,249],[511,275],[501,274],[498,278],[558,246],[576,245],[583,240],[578,237],[613,209],[612,206],[614,204],[584,205],[574,201],[570,198],[557,197],[554,198],[554,203],[558,204],[564,204],[558,212],[552,218],[523,235],[525,239],[521,243],[532,247],[527,250],[527,250],[528,249],[530,247],[530,250],[531,251],[533,252],[537,250],[530,255],[537,253],[534,256],[558,253],[523,267],[558,246],[527,271],[521,270],[513,283],[509,286],[508,288],[507,293],[502,294],[494,297],[495,294],[496,291],[500,289],[515,279],[518,277],[521,274],[514,268],[516,271],[508,271],[503,287],[493,287],[488,288],[485,284],[490,275],[475,258],[77,296],[84,287],[107,283],[128,281],[146,279],[153,277],[578,240],[568,240],[595,242],[663,253],[676,250],[676,272],[663,279]]}
{"ts":1510032229432059,"data":[[599,278],[726,361],[758,360],[784,364],[819,365],[849,370],[134,261],[130,271],[104,278],[91,281],[899,642],[912,629],[930,608],[962,592],[984,565],[988,520],[985,503],[987,485],[975,456]]}
{"ts":1510032259442918,"data":[]}
{"ts":1510032289421731,"data":[]}
{"ts":1510032319443152,"data":[[585,283],[89,318]]}
{"ts":1510032349444465,"data":[[102,327],[99,328],[88,336]]}
{"ts":1510032379424753,"data":[]}
{"ts":1510032409446261,"data":[[922,639],[936,610],[933,550],[1182,278],[1192,276],[972,648],[982,631],[986,569],[980,551],[1002,395],[1049,281],[999,280],[993,278],[995,277],[1157,248],[1042,280],[1040,284],[1144,236],[1134,234],[1122,234],[1110,236],[1105,234],[962,290]]}
{"ts":1510032439454513,"data":[[969,288],[1101,231],[967,288],[1108,232],[969,287],[1105,220],[969,290],[1106,219],[1106,218],[965,291],[972,287],[1104,211],[974,289],[1094,206],[983,290],[1085,204],[988,290],[1088,199],[988,291],[1096,200],[1114,204],[983,292],[1127,205],[969,294],[973,292],[1138,205],[1156,205],[982,292],[990,293],[1162,207],[1169,208],[988,293],[992,293],[1168,207],[1172,205],[991,293],[1174,207],[991,291],[1174,203],[991,292],[1166,204],[988,291],[990,291],[1172,204],[988,292],[1171,203],[993,292],[992,292],[1171,206],[991,292],[993,292],[1178,205],[1180,203],[992,291],[1175,203],[993,292],[997,292],[1179,207],[1178,205],[996,292],[1176,206],[998,292],[1177,207],[996,293],[1180,208],[998,293],[1181,207],[999,292],[1183,205],[999,292],[1181,205],[1000,293],[1176,204],[998,292],[1179,204],[999,291],[1181,204],[997,292],[995,291],[1182,206],[995,291],[1177,208],[994,291],[1171,206],[995,292],[1169,208],[993,291],[990,291],[990,292],[1163,205],[990,291],[1166,204],[992,292],[1167,210],[1170,210],[986,293],[1170,208],[990,292],[1170,207],[995,292],[1176,205],[994,292],[1181,207],[995,292],[1185,206],[997,292],[1187,206],[996,294],[1188,205],[998,293],[1190,208],[1187,207],[998,293],[1187,206],[998,293],[1195,206],[999,292],[1188,207],[999,293],[1173,205],[997,293],[1169,203],[995,291],[1161,201],[993,292],[975,293],[1134,202],[1125,201],[970,293],[1111,194],[965,295],[969,295],[1097,196],[969,294],[971,291],[968,293],[971,290],[969,287],[972,288],[1082,183],[991,284],[1003,283],[1089,184],[1113,182],[1120,182],[1123,183],[1104,240],[1102,202],[1101,203],[1102,198],[1104,197],[1103,197],[1102,198],[1103,197],[1101,201],[1102,201],[1102,200],[1103,203],[1104,207],[1108,203],[1106,205],[1103,203],[1102,204],[1104,202],[1107,205],[1117,245],[1108,249],[1113,245],[1110,205],[1113,249],[1107,205],[1115,249],[1116,251],[1108,205],[1113,202],[1109,204],[1110,204],[1109,206],[1101,196],[1106,196],[1107,198],[1108,202],[1106,200],[1103,200],[1106,198],[1103,197],[1103,201],[1103,200],[1108,202],[1115,200],[1108,200],[1110,202],[1108,200],[1109,199],[1110,199],[1112,198],[1106,201],[1105,199],[1104,199],[1103,199],[1118,179],[1095,265],[1096,264],[1096,264],[1097,265],[1098,263],[1098,263],[1110,256],[1056,200],[1101,200]]}
{"ts":1510032469434019,"data":[[1094,197],[1100,176],[1089,174],[1074,176],[1068,177],[1067,174],[1066,179],[1099,262],[1068,180],[1070,179],[1050,185],[992,184],[988,206],[1121,254],[989,203],[984,208],[1122,257],[975,208],[1113,257],[973,213],[1100,255],[969,210],[1089,252],[973,219],[1088,249],[978,230],[985,234],[1072,240],[1060,237],[1056,212],[1051,207],[1022,213],[1003,210],[995,206],[989,203],[988,202],[987,201],[986,202],[989,202],[989,202],[993,201],[997,204],[998,204],[996,203],[995,204],[997,204],[998,204],[999,204],[999,202],[995,203],[993,202],[988,194],[983,190],[982,188],[977,191],[975,192],[974,204],[973,209],[972,210],[977,214]]}
{"ts":1510032499463001,"data":[]}
{"ts":1510032529434226,"data":[]}
{"ts":1510032559448637,"data":[]}
{"ts":1510032589444372,"data":[[847,204],[826,194],[821,195],[815,182],[783,170],[765,165],[737,139],[729,137],[713,137],[699,131],[696,126],[694,127],[695,126],[700,106],[698,105],[698,106],[690,68],[690,66],[686,45],[661,26],[652,25],[642,23],[977,247],[967,241],[858,218],[844,212],[830,212],[826,213],[816,201],[804,193],[800,184],[779,182],[760,180],[752,176],[742,176],[738,173],[734,171],[732,167],[730,162],[729,159],[709,122],[703,107],[704,102],[705,102],[706,104],[728,94],[728,92]]}
{"ts":1510032619426196,"data":[]}
{"ts":1510032649436143,"data":[]}
{"ts":1510032679437743,"data":[[712,60],[712,61],[712,63],[712,68],[715,70],[715,69],[717,82],[710,88],[716,88],[703,97],[696,102],[692,106],[695,108],[686,118],[682,123],[660,117],[671,128],[673,139],[679,163],[696,59],[695,59],[689,64],[688,64],[692,68],[696,66],[699,68],[695,71],[691,85],[667,89],[664,91],[662,91],[661,95],[662,98],[661,98],[659,101],[645,105],[638,106],[632,107],[621,103],[612,125],[612,126],[607,127],[605,128],[587,132],[581,134],[580,135],[571,136],[569,133],[568,135],[566,137],[504,163],[495,162]]}
{"ts":1510032709447639,"data":[[652,243],[616,251],[577,243],[564,249],[221,396],[512,212],[532,214],[549,210],[556,209],[559,209],[564,197],[579,187],[603,183],[626,185],[634,179],[644,171],[651,172],[654,171],[656,169],[654,165],[653,154],[704,132],[704,131],[700,130],[698,120],[703,117],[574,156],[588,141],[599,121],[617,125],[629,119],[626,109],[625,106],[624,104],[627,104],[627,107],[630,105],[630,104],[632,104],[633,104],[632,105],[632,106],[633,104],[635,100],[639,101],[652,103],[661,102],[699,101],[704,98],[703,99]]}
{"ts":1510032739438601,"data":[]}
{"ts":1510032769441866,"data":[]}
{"ts":1510032799438510,"data":[]}
{"ts":1510032829439985,"data":[]}
{"ts":1510032859439251,"data":[]}
{"ts":1510032889453200,"data":[]}
{"ts":1510032919448567,"data":[]}
{"ts":1510032949439201,"data":[]}
{"ts":1510032979439636,"data":[]}
{"ts":1510033009440297,"data":[]}
{"ts":1510033039460477,"data":[]}
{"ts":1510033069459821,"data":[]}
{"ts":1510033099460015,"data":[]}
{"ts":1510033129442255,"data":[]}
{"ts":1510033159461765,"data":[]}
{"ts":1510033189461354,"data":[]}
{"ts":1510033219461556,"data":[]}
{"ts":1510033249461921,"data":[]}
{"ts":1510033279462430,"data":[]}
{"ts":1510033309462428,"data":[]}
{"ts":1510033339463035,"data":[]}
{"ts":1510033369463582,"data":[]}
{"ts":1510033399464311,"data":[]}
{"ts":1510033429463758,"data":[]}
{"ts":1510033459465026,"data":[]}
{"ts":1510033489484571,"data":[]}
{"ts":1510033519465235,"data":[]}
{"ts":1510033549465668,"data":[]}
{"ts":1510033579469586,"data":[]}
{"ts":1510033609447149,"data":[]}
{"ts":1510033639447057,"data":[]}
{"ts":1510033669477503,"data":[]}
{"ts":1510033699467249,"data":[]}
{"ts":1510033729461691,"data":[]}
{"ts":1510033759448022,"data":[]}
{"ts":1510033789469709,"data":[]}
{"ts":1510033819469300,"data":[]}
{"ts":1510033849464910,"data":[]}
{"ts":1510033879472781,"data":[]}
{"ts":1510033909450774,"data":[]}
{"ts":1510033939450835,"data":[]}
{"ts":1510033969463900,"data":[]}
{"ts":1510033999443269,"data":[]}
{"ts":1510034029464046,"data":[]}
{"ts":1510034059457436,"data":[]}
{"ts":1510034089454895,"data":[]}
{"ts":1510034119459139,"data":[]}
{"ts":1510034149473484,"data":[]}
{"ts":1510034179444204,"data":[]}
{"ts":1510034209474100,"data":[]}
{"ts":1510034239473908,"data":[]}
{"ts":1510034269454910,"data":[]}
{"ts":1510034299445694,"data":[]}
{"ts":1510034329469467,"data":[]}
{"ts":1510034359466342,"data":[]}
{"ts":1510034389447109,"data":[]}
{"ts":1510034419458410,"data":[]}
{"ts":1510034449467931,"data":[]}
{"ts":1510034479462761,"data":[]}
{"ts":1510034509462854,"data":[]}
{"ts":1510034539458922,"data":[]}
{"ts":1510034569470257,"data":[]}
{"ts":1510034599469128,"data":[]}
{"ts":1510034629471739,"data":[]}
{"ts":1510034659472801,"data":[]}
{"ts":1510034689473057,"data":[]}
{"ts":1510034719464236,"data":[]}
{"ts":1510034749473202,"data":[]}
{"ts":1510034779453012,"data":[]}
{"ts":1510034809461240,"data":[]}
{"ts":1510034839472843,"data":[]}
{"ts":1510034869463590,"data":[]}
{"ts":1510034899452929,"data":[]}
{"ts":1510034929453465,"data":[]}
{"ts":1510034959484064,"data":[]}
{"ts":1510034989454464,"data":[]}
{"ts":1510035019469198,"data":[]}
{"ts":1510035049469742,"data":[]}
{"ts":1510035079474161,"data":[]}
{"ts":1510035109469694,"data":[]}
{"ts":1510035139468638,"data":[]}
{"ts":1510035169468156,"data":[]}
{"ts":1510035199468638,"data":[]}
{"ts":1510035229456808,"data":[]}
{"ts":1510035259478387,"data":[]}
{"ts":1510035289493082,"data":[]}
{"ts":1510035319478797,"data":[]}
{"ts":1510035349458545,"data":[]}
{"ts":1510035379469636,"data":[]}
{"ts":1510035409490606,"data":[]}
{"ts":1510035439471362,"data":[]}
{"ts":1510035469471097,"data":[]}
{"ts":1510035499480575,"data":[]}
{"ts":1510035529494404,"data":[]}
{"ts":1510035559481780,"data":[]}
{"ts":1510035589473530,"data":[]}
{"ts":1510035619500489,"data":[]}
{"ts":1510035649500852,"data":[]}
{"ts":1510035679485853,"data":[]}
{"ts":1510035709481753,"data":[]}
{"ts":1510035739482095,"data":[]}
{"ts":1510035769482811,"data":[]}
{"ts":1510035799483101,"data":[]}
{"ts":1510035829475543,"data":[]}
{"ts":1510035859476938,"data":[]}
{"ts":1510035889483702,"data":[]}
{"ts":1510035919504016,"data":[]}
{"ts":1510035949484875,"data":[]}
{"ts":1510035979475338,"data":[]}
{"ts":1510036009476870,"data":[]}
{"ts":1510036039476176,"data":[]}
{"ts":1510036069503959,"data":[]}
{"ts":1510036099502734,"data":[]}
{"ts":1510036129479200,"data":[]}
{"ts":1510036159504948,"data":[]}
{"ts":1510036189478580,"data":[]}
{"ts":1510036219505043,"data":[]}
{"ts":1510036249503541,"data":[]}
{"ts":1510036279506833,"data":[]}
{"ts":1510036309494442,"data":[]}
{"ts":1510036339495988,"data":[]}
{"ts":1510036369495540,"data":[]}
{"ts":1510036399497025,"data":[]}
{"ts":1510036429502339,"data":[]}
{"ts":1510036459497477,"data":[]}
{"ts":1510036489498865,"data":[]}
{"ts":1510036519500549,"data":[]}
{"ts":1510036549499538,"data":[]}
{"ts":1510036579498795,"data":[]}
{"ts":1510036609504171,"data":[]}
{"ts":1510036639501983,"data":[]}
{"ts":1510036669500752,"data":[]}
{"ts":1510036699502043,"data":[]}
{"ts":1510036729510274,"data":[]}
{"ts":1510036759500821,"data":[]}
{"ts":1510036789512031,"data":[]}
{"ts":1510036819504242,"data":[]}
{"ts":1510036849512867,"data":[]}
{"ts":1510036879479386,"data":[]}
{"ts":1510036909481032,"data":[]}
{"ts":1510036939516338,"data":[]}
{"ts":1510036969480932,"data":[]}
{"ts":1510036999480944,"data":[]}
{"ts":1510037029486682,"data":[]}
{"ts":1510037059481546,"data":[]}
{"ts":1510037089491385,"data":[]}
{"ts":1510037119518729,"data":[]}
{"ts":1510037149497982,"data":[]}
{"ts":1510037179482510,"data":[]}
{"ts":1510037209505827,"data":[]}
{"ts":1510037239510150,"data":[]}
{"ts":1510037269507646,"data":[]}
{"ts":1510037299509761,"data":[]}
{"ts":1510037329484143,"data":[]}
{"ts":1510037359509828,"data":[]}
{"ts":1510037389508560,"data":[]}
{"ts":1510037419510531,"data":[]}
{"ts":1510037449502849,"data":[]}
{"ts":1510037479513138,"data":[]}
{"ts":1510037509510091,"data":[]}
{"ts":1510037539511921,"data":[]}
{"ts":1510037569512333,"data":[]}
{"ts":1510037599510949,"data":[]}
{"ts":1510037629486165,"data":[]}
{"ts":1510037659511483,"data":[]}
{"ts":1510037689511636,"data":[]}
{"ts":1510037719512370,"data":[]}
{"ts":1510037749519812,"data":[]}
{"ts":1510037779513104,"data":[]}
{"ts":1510037809516782,"data":[]}
{"ts":1510037839493809,"data":[]}
{"ts":1510037869497325,"data":[]}
{"ts":1510037899496941,"data":[]}
{"ts":1510037929496558,"data":[]}
{"ts":1510037959500996,"data":[]}
{"ts":1510037989513974,"data":[]}
{"ts":1510038019511996,"data":[]}
{"ts":1510038049496557,"data":[]}
{"ts":1510038079500979,"data":[]}
{"ts":1510038109496786,"data":[]}
{"ts":1510038139500406,"data":[]}
{"ts":1510038169521913,"data":[]}
{"ts":1510038199519627,"data":[]}
{"ts":1510038229512728,"data":[]}
{"ts":1510038259522524,"data":[]}
{"ts":1510038289518537,"data":[]}
{"ts":1510038319533777,"data":[]}
{"ts":1510038349512011,"data":[]}
{"ts":1510038379531942,"data":[]}
{"ts":1510038409518451,"data":[]}
{"ts":1510038439539990,"data":[]}
{"ts":1510038469538584,"data":[]}
{"ts":1510038499516098,"data":[]}
{"ts":1510038529514686,"data":[]}
{"ts":1510038559512887,"data":[]}
{"ts":1510038589505831,"data":[]}
{"ts":1510038619505088,"data":[]}
{"ts":1510038649518575,"data":[]}
{"ts":1510038679503563,"data":[]}
{"ts":1510038709511322,"data":[]}
{"ts":1510038739509424,"data":[]}
{"ts":1510038769517442,"data":[]}
{"ts":1510038799543033,"data":[]}
{"ts":1510038829518396,"data":[]}
{"ts":1510038859527618,"data":[]}
{"ts":1510038889522586,"data":[]}
{"ts":1510038919520620,"data":[]}
{"ts":1510038949515964,"data":[]}
{"ts":1510038979504141,"data":[]}
{"ts":1510039009511774,"data":[]}
{"ts":1510039039519578,"data":[]}
{"ts":1510039069522653,"data":[]}
{"ts":1510039099512716,"data":[]}
{"ts":1510039129537312,"data":[]}
{"ts":1510039159525366,"data":[]}
{"ts":1510039189511665,"data":[]}
{"ts":1510039219543865,"data":[]}
{"ts":1510039249512671,"data":[]}
{"ts":1510039279533840,"data":[]}
{"ts":1510039309507432,"data":[]}
{"ts":1510039339512169,"data":[]}
{"ts":1510039369514162,"data":[]}
{"ts":1510039399514226,"data":[]}
{"ts":1510039429504505,"data":[]}
{"ts":1510039459525030,"data":[]}
{"ts":1510039489516300,"data":[]}
{"ts":1510039519528449,"data":[]}
{"ts":1510039549529848,"data":[]}
{"ts":1510039579519335,"data":[]}
{"ts":1510039609545202,"data":[]}
{"ts":1510039639532971,"data":[]}
{"ts":1510039669516228,"data":[]}
{"ts":1510039699533693,"data":[]}
{"ts":1510039729522082,"data":[]}
{"ts":1510039759528544,"data":[]}
{"ts":1510039789532240,"data":[]}
{"ts":1510039819529238,"data":[]}
{"ts":1510039849531424,"data":[]}
{"ts":1510039879531340,"data":[]}
{"ts":1510039909533323,"data":[]}
{"ts":1510039939559955,"data":[]}
{"ts":1510039969521921,"data":[]}
{"ts":1510039999562241,"data":[]}
{"ts":1510040029543257,"data":[]}
{"ts":1510040059550047,"data":[]}
{"ts":1510040089528817,"data":[]}
{"ts":1510040119532684,"data":[]}
{"ts":1510040149554111,"data":[]}
{"ts":1510040179552466,"data":[]}
{"ts":1510040209542956,"data":[]}
{"ts":1510040239534326,"data":[]}
{"ts":1510040269532531,"data":[]}
{"ts":1510040299534541,"data":[]}
{"ts":1510040329556520,"data":[]}
{"ts":1510040359531667,"data":[]}
{"ts":1510040389533520,"data":[]}
{"ts":1510040419528414,"data":[]}
{"ts":1510040449542683,"data":[]}
{"ts":1510040479538728,"data":[]}
{"ts":1510040509527642,"data":[]}
{"ts":1510040539521004,"data":[]}
{"ts":1510040569519365,"data":[]}
{"ts":1510040599530394,"data":[]}
{"ts":1510040629518577,"data":[]}
{"ts":1510040659519016,"data":[]}
{"ts":1510040689529296,"data":[]}
{"ts":1510040719554124,"data":[]}
{"ts":1510040749552954,"data":[]}
{"ts":1510040779559919,"data":[]}
{"ts":1510040809548236,"data":[]}
{"ts":1510040839537971,"data":[]}
{"ts":1510040869559538,"data":[]}
{"ts":1510040899562673,"data":[]}
{"ts":1510040929553404,"data":[]}
{"ts":1510040959552175,"data":[]}
{"ts":1510040989565783,"data":[]}
{"ts":1510041019564473,"data":[]}
{"ts":1510041049557498,"data":[]}
{"ts":1510041079536605,"data":[]}
{"ts":1510041109543760,"data":[]}
{"ts":1510041139534183,"data":[]}
{"ts":1510041169542116,"data":[]}
{"ts":1510041199541867,"data":[]}
{"ts":1510041229553848,"data":[]}
{"ts":1510041259538179,"data":[]}
{"ts":1510041289535105,"data":[]}
{"ts":1510041319543502,"data":[]}
{"ts":1510041349539817,"data":[]}
{"ts":1510041379535012,"data":[]}
{"ts":1510041409531863,"data":[]}
{"ts":1510041439533757,"data":[]}
{"ts":1510041469534192,"data":[]}
{"ts":1510041499541943,"data":[]}
{"ts":1510041529539351,"data":[]}
{"ts":1510041559541208,"data":[]}
{"ts":1510041589543231,"data":[]}
{"ts":1510041619561916,"data":[]}
{"ts":1510041649539661,"data":[]}
{"ts":1510041679546332,"data":[]}
{"ts":1510041709545356,"data":[]}
{"ts":1510041739543777,"data":[]}
{"ts":1510041769554902,"data":[]}
{"ts":1510041799560756,"data":[]}
{"ts":1510041829557203,"data":[]}
{"ts":1510041859560308,"data":[]}
{"ts":1510041889543564,"data":[]}
{"ts":1510041919543819,"data":[]}
{"ts":1510041949547933,"data":[]}
{"ts":1510041979542538,"data":[]}
{"ts":1510042009543580,"data":[]}
{"ts":1510042039563236,"data":[]}
{"ts":1510042069564402,"data":[]}
{"ts":1510042099561422,"data":[]}
{"ts":1510042129561289,"data":[]}
{"ts":1510042159561716,"data":[]}
{"ts":1510042189556893,"data":[]}
{"ts":1510042219555351,"data":[]}
{"ts":1510042249557591,"data":[]}
{"ts":1510042279556961,"data":[]}
{"ts":1510042309554200,"data":[]}
{"ts":1510042339558171,"data":[]}
{"ts":1510042369559966,"data":[]}
{"ts":1510042399556929,"data":[]}
{"ts":1510042429560489,"data":[]}
{"ts":1510042459559635,"data":[]}
{"ts":1510042489558652,"data":[]}
{"ts":1510042519558491,"data":[]}
{"ts":1510042549559683,"data":[]}
{"ts":1510042579560710,"data":[]}
{"ts":1510042609558539,"data":[]}
{"ts":1510042639558070,"data":[]}
{"ts":1510042669559784,"data":[]}
{"ts":1510042699561101,"data":[]}
{"ts":1510042729560711,"data":[]}
{"ts":1510042759557579,"data":[]}
{"ts":1510042789560340,"data":[]}
{"ts":1510042819558440,"data":[]}
{"ts":1510042849558417,"data":[]}
{"ts":1510042879556744,"data":[]}
{"ts":1510042909561815,"data":[]}
{"ts":1510042939561356,"data":[]}
{"ts":1510042969574944,"data":[]}
{"ts":1510042999573875,"data":[]}
{"ts":1510043029575800,"data":[]}
{"ts":1510043059556184,"data":[]}
{"ts":1510043089565936,"data":[]}
{"ts":1510043119567193,"data":[[1028,246]]}
{"ts":1510043149568982,"data":[]}
{"ts":1510043179571165,"data":[]}
{"ts":1510043209559646,"data":[]}
{"ts":1510043239559957,"data":[]}
{"ts":1510043269560234,"data":[]}
{"ts":1510043299560259,"data":[]}
{"ts":1510043329568755,"data":[]}
{"ts":1510043359559982,"data":[]}
{"ts":1510043389567776,"data":[]}
{"ts":1510043419570486,"data":[]}
{"ts":1510043449570258,"data":[]}
{"ts":1510043479569675,"data":[]}
{"ts":1510043509564746,"data":[]}
{"ts":1510043539559802,"data":[]}
{"ts":1510043569565827,"data":[]}
{"ts":1510043599561896,"data":[]}
{"ts":1510043629570134,"data":[]}
{"ts":1510043659570413,"data":[]}
{"ts":1510043689555978,"data":[]}
{"ts":1510043719556357,"data":[]}
{"ts":1510043749558593,"data":[]}
{"ts":1510043779558041,"data":[]}
{"ts":1510043809556106,"data":[]}
{"ts":1510043839557837,"data":[]}
{"ts":1510043869575446,"data":[]}
{"ts":1510043899560676,"data":[]}
{"ts":1510043929576016,"data":[]}
{"ts":1510043959567641,"data":[]}
{"ts":1510043989557499,"data":[]}
{"ts":1510044019566005,"data":[]}
{"ts":1510044049565093,"data":[]}
{"ts":1510044079563407,"data":[]}
{"ts":1510044109562253,"data":[]}
{"ts":1510044139562414,"data":[]}
{"ts":1510044169570571,"data":[]}
{"ts":1510044199572352,"data":[]}
{"ts":1510044229571014,"data":[]}
{"ts":1510044259578173,"data":[]}
{"ts":1510044289554989,"data":[]}
{"ts":1510044319577802,"data":[]}
{"ts":1510044349560124,"data":[]}
{"ts":1510044379555737,"data":[]}
{"ts":1510044409569646,"data":[]}
{"ts":1510044439557436,"data":[]}
{"ts":1510044469554754,"data":[]}
{"ts":1510044499571307,"data":[[631,67],[630,70],[628,71],[640,74],[645,72],[652,79],[653,89],[654,94],[650,102],[640,104],[635,105],[630,109],[627,115],[618,118],[604,113],[583,119],[564,129],[506,140]]}
{"ts":1510044529561937,"data":[[551,143],[578,147],[614,167],[653,167],[695,163],[731,166],[778,181],[823,186],[859,193],[916,186],[968,191],[1013,205],[1075,213],[1128,218],[1194,220],[1233,235]]}
{"ts":1510044559573394,"data":[]}
{"ts":1510044589569773,"data":[]}
{"ts":1510044619591623,"data":[[651,72],[658,70],[682,73],[687,85],[672,88],[668,91],[667,94],[694,241],[667,98],[691,246],[676,100],[679,100],[680,101],[679,107],[678,111],[675,117],[676,122],[690,132],[702,134],[717,136],[723,137],[728,143],[751,161],[767,165],[772,173],[793,180],[841,180],[856,185],[933,204],[967,206],[988,208],[1057,219],[1118,219],[1203,239]]}
{"ts":1510044649554762,"data":[]}
{"ts":1510044679573751,"data":[]}
{"ts":1510044709560766,"data":[]}
{"ts":1510044739563641,"data":[]}
{"ts":1510044769558706,"data":[]}
{"ts":1510044799558388,"data":[]}
{"ts":1510044829563732,"data":[]}
{"ts":1510044859558540,"data":[[1235,201],[1182,194],[1155,196],[1122,191],[1107,182],[1082,173],[1073,170],[1072,170],[1071,169],[1072,168],[1074,161],[1085,156],[1090,153],[1098,147],[1104,145],[1104,146],[1107,146],[1109,144],[1109,142],[1109,142],[1109,143],[1109,142],[1109,141],[1110,142],[1110,143],[1109,141],[1108,140],[1097,141],[1085,143],[1081,147],[1069,149],[1058,149],[1058,153],[1061,162],[1070,166],[1091,169],[1109,169],[1117,176],[1129,188],[1161,196],[1181,195],[1204,195],[1242,208]]}
{"ts":1510044889560170,"data":[]}
{"ts":1510044919582719,"data":[]}
{"ts":1510044949563917,"data":[]}
{"ts":1510044979564529,"data":[]}
{"ts":1510045009585770,"data":[]}
{"ts":1510045039585066,"data":[]}
{"ts":1510045069565134,"data":[]}
{"ts":1510045099577245,"data":[]}
{"ts":1510045129586588,"data":[]}
{"ts":1510045159587154,"data":[]}
{"ts":1510045189591522,"data":[]}
{"ts":1510045219566749,"data":[]}
{"ts":1510045249588283,"data":[]}
{"ts":1510045279588111,"data":[]}
{"ts":1510045309567990,"data":[[640,63],[655,58],[666,62],[683,67],[686,66],[691,65],[696,63],[697,65],[700,69],[701,72],[714,82],[716,82],[720,85],[715,87],[705,88],[705,90],[713,92],[725,109],[753,125],[765,129],[767,134],[777,136],[786,139],[807,143],[825,147],[840,150],[974,189],[1103,198],[1126,211],[1159,216],[1198,216]]}
{"ts":1510045339579588,"data":[]}
{"ts":1510045369579487,"data":[]}
{"ts":1510045399579734,"data":[]}
{"ts":1510045429577872,"data":[[1120,223],[1110,215],[1050,207],[978,196],[895,179],[870,171],[844,162],[825,158],[792,148],[778,143],[775,140],[766,142],[765,140],[765,134],[762,127],[757,128],[736,126],[728,117],[716,100],[716,99],[715,100],[729,92],[729,87],[725,88],[718,88],[703,83],[698,84],[686,72],[687,70],[689,72],[694,69],[696,68],[692,68],[688,64],[649,64],[637,64],[636,60]]}
{"ts":1510045459580461,"data":[]}
{"ts":1510045489580204,"data":[]}
{"ts":1510045519564012,"data":[]}
{"ts":1510045549564863,"data":[]}
{"ts":1510045579582196,"data":[]}
{"ts":1510045609590726,"data":[]}
{"ts":1510045639565288,"data":[]}
{"ts":1510045669582012,"data":[]}
{"ts":1510045699566837,"data":[]}
{"ts":1510045729566398,"data":[]}
{"ts":1510045759566986,"data":[]}
{"ts":1510045789568890,"data":[[1219,197],[1192,195],[1169,191],[1128,185],[1113,184],[1098,174],[1080,167],[1076,166],[1072,161],[1073,162],[1073,163],[1083,158],[1086,151],[1102,149],[1107,148],[1109,145],[1110,143],[1110,144],[1109,144],[1109,145],[1109,146],[1112,145],[1112,145],[1111,146],[1110,145],[1109,145],[1107,146],[1094,147],[1084,144],[1074,146],[1067,148],[1064,151],[1059,155],[1065,162],[1076,168],[1082,168],[1099,166],[1113,172],[1118,181],[1139,194],[1172,194],[1208,198]]}
{"ts":1510045819583047,"data":[]}
{"ts":1510045849584469,"data":[]}
{"ts":1510045879595052,"data":[]}
{"ts":1510045909584157,"data":[]}
{"ts":1510045939568710,"data":[]}
{"ts":1510045969580910,"data":[]}
{"ts":1510045999587883,"data":[]}
{"ts":1510046029582980,"data":[]}
{"ts":1510046059588205,"data":[]}
{"ts":1510046089581773,"data":[]}
{"ts":1510046119570087,"data":[]}
{"ts":1510046149569837,"data":[]}
{"ts":1510046179582879,"data":[]}
{"ts":1510046209571610,"data":[]}
{"ts":1510046239570356,"data":[]}
{"ts":1510046269571810,"data":[]}
{"ts":1510046299588880,"data":[[639,52],[640,53],[650,59],[658,63],[682,61],[688,64],[690,63],[696,64],[696,67],[695,69],[696,70],[700,69],[702,73]]}
{"ts":1510046329579697,"data":[[710,89],[718,94],[724,94],[727,91],[730,90],[734,99],[760,106],[754,189],[771,108],[785,123],[804,129],[821,132],[839,134],[845,137],[943,165],[967,172],[984,178],[1054,175],[1080,179],[1111,193],[1144,202],[1182,207]]}
{"ts":1510046359578877,"data":[]}
{"ts":1510046389592444,"data":[]}
{"ts":1510046419591962,"data":[]}
{"ts":1510046449580162,"data":[]}
{"ts":1510046479580553,"data":[]}
{"ts":1510046509577880,"data":[]}
{"ts":1510046539584389,"data":[]}
{"ts":1510046569584175,"data":[]}
{"ts":1510046599581833,"data":[]}
{"ts":1510046629582294,"data":[]}
{"ts":1510046659595560,"data":[]}
{"ts":1510046689594724,"data":[]}
{"ts":1510046719583596,"data":[]}
{"ts":1510046749585084,"data":[]}
{"ts":1510046779584716,"data":[]}
{"ts":1510046809601144,"data":[]}
{"ts":1510046839576687,"data":[]}
{"ts":1510046869586065,"data":[]}
{"ts":1510046899592361,"data":[]}
{"ts":1510046929586669,"data":[[694,27],[694,27],[694,27],[694,27],[693,27],[694,26]]}
{"ts":1510046959585944,"data":[[694,26],[693,27],[693,27],[693,26],[694,27],[695,26],[695,27],[695,27],[695,27]]}
{"ts":1510046989606493,"data":[]}
{"ts":1510047019590634,"data":[[656,23],[651,23],[644,24]]}
{"ts":1510047049598055,"data":[]}
{"ts":1510047079589847,"data":[]}
{"ts":1510047109591793,"data":[]}
{"ts":1510047139592241,"data":[]}
{"ts":1510047169610077,"data":[]}
{"ts":1510047199592884,"data":[[638,64],[642,64],[651,65],[660,69],[683,74],[688,74],[697,79],[704,82],[710,81],[712,82],[710,91],[705,98],[703,100],[701,103],[701,103],[711,119],[716,124],[718,126],[718,128],[712,131],[701,141],[700,145],[701,147],[708,163],[715,173],[722,178],[730,179],[733,195],[733,204],[733,210],[741,213],[753,235],[768,244],[768,249],[760,261],[744,278],[740,299],[732,305],[727,317],[724,341],[704,377],[688,391],[540,473]]}
{"ts":1510047229624382,"data":[[1201,285],[1229,287],[645,17]]}
